seed,domain,method,horizon,mse,mae,rmse,mape,trend_f1,event_consistency,avg_selected_events,avg_tokens,groundedness,train_time_sec,inference_time_sec,llm_calls,token_cost_estimate
2026,Energy,persistence,3,0.0119991202830188,0.0728246855345912,0.1095404960871497,0.0239748394509113,0.0070754716981132,0.0,0.0,0.0,0.0,0.0,0.0,0,0.0
2026,Energy,numerical_only,3,0.024324705127993,0.1178605160847749,0.1559637942857028,0.0328076415725666,0.5235294117647059,0.0,0.0,0.0,0.0,0.0,0.0,0,0.0
2026,Energy,raw_text_embedding,3,0.0324375750043028,0.1489213040683741,0.1801043447679784,0.0413990341039635,0.5117647058823529,0.0,0.0,0.0,0.0,0.0,0.0,0,0.0
2026,Energy,event_no_verifier,3,0.0837770445154006,0.2182174198799997,0.2894426446040745,0.0607251955750334,0.4470588235294118,0.4374671307338582,450.0,11.0,1.0,0.0,0.0,0,0.0
2026,Energy,event_with_verifier,3,0.0357624914562386,0.1441427345114927,0.189109733901348,0.040183980368971,0.4411764705882353,0.4374671307338582,450.0,11.0,1.0,0.0,0.0,0,0.0
2026,Energy,full_cents_feature,3,0.0357624914562386,0.1441427345114927,0.189109733901348,0.040183980368971,0.4411764705882353,0.4374671307338582,450.0,11.0,1.0,0.0,0.0,0,0.0
2026,Energy,persistence,6,0.0284986860649247,0.1106543942992874,0.1688155385766511,0.0364551057037185,0.007125890736342,0.0,0.0,0.0,0.0,0.0,0.0,0,0.0
2026,Energy,numerical_only,6,0.0773205552560265,0.2082401540238262,0.2780657390906448,0.0579922734974493,0.5011764705882353,0.0,0.0,0.0,0.0,0.0,0.0,0,0.0
2026,Energy,raw_text_embedding,6,0.0565886555841567,0.1938309393482676,0.2378837018043833,0.0538021519134849,0.48,0.0,0.0,0.0,0.0,0.0,0.0,0,0.0
2026,Energy,event_no_verifier,6,0.2581174126102151,0.3842520059043791,0.5080525687467933,0.1071003030233902,0.4188235294117647,0.4374671307338582,450.0,11.0,1.0,0.0,0.0,0,0.0
2026,Energy,event_with_verifier,6,0.1309740392000919,0.2576427866346287,0.3619033561603041,0.072161406857819,0.4305882352941176,0.4374671307338582,450.0,11.0,1.0,0.0,0.0,0,0.0
2026,Energy,full_cents_feature,6,0.1309740392000919,0.2576427866346287,0.3619033561603041,0.072161406857819,0.4305882352941176,0.4374671307338582,450.0,11.0,1.0,0.0,0.0,0,0.0
2026,Energy,persistence,3,0.0119464616695059,0.0737620670073821,0.1092998704002249,0.0267612317990631,0.0085178875638841,0.0,0.0,0.0,0.0,0.0,0.0,0,0.0
2026,Energy,numerical_only,3,0.0197523501164096,0.0999501563559656,0.1405430543157848,0.0297638289500607,0.5468085106382978,0.0,0.0,0.0,0.0,0.0,0.0,0,0.0
2026,Energy,raw_text_embedding,3,0.0452245040040381,0.1581111391781293,0.212660537016246,0.0473270635161242,0.5127659574468085,0.0,0.0,0.0,0.0,0.0,0.0,0,0.0
2026,Energy,event_no_verifier,3,0.0283097412496911,0.1217870998557806,0.1682549887809903,0.0370587664321851,0.5638297872340425,0.4283051614779687,450.0,11.0,1.0,0.0,0.0,0,0.0
2026,Energy,event_with_verifier,3,0.0234855028979819,0.1090833115361031,0.1532498055397852,0.0327137781184059,0.5404255319148936,0.4283051614779687,450.0,11.0,1.0,0.0,0.0,0,0.0
2026,Energy,full_cents_feature,3,0.0234855028979819,0.1090833115361031,0.1532498055397852,0.0327137781184059,0.5404255319148936,0.4283051614779687,450.0,11.0,1.0,0.0,0.0,0,0.0
2026,Energy,persistence,6,0.0294510054084827,0.1135027042413891,0.1716129523330997,0.0414474290398584,0.0085397096498719,0.0,0.0,0.0,0.0,0.0,0.0,0,0.0
2026,Energy,numerical_only,6,0.0635375666922228,0.1816855809536494,0.2520665917812649,0.0546877562852688,0.5182978723404256,0.0,0.0,0.0,0.0,0.0,0.0,0,0.0
2026,Energy,raw_text_embedding,6,0.1554776777371496,0.2914476460618703,0.3943065783589587,0.0866247298808745,0.52,0.0,0.0,0.0,0.0,0.0,0.0,0,0.0
2026,Energy,event_no_verifier,6,0.0846304312716173,0.2008348458068286,0.2909130991750239,0.0597822344824643,0.5276595744680851,0.4283051614779687,450.0,11.0,1.0,0.0,0.0,0,0.0
2026,Energy,event_with_verifier,6,0.0709299357805307,0.1867984047592416,0.266326746273315,0.0561456313147056,0.5259574468085106,0.4283051614779687,450.0,11.0,1.0,0.0,0.0,0,0.0
2026,Energy,full_cents_feature,6,0.0709299357805307,0.1867984047592416,0.266326746273315,0.0561456313147056,0.5259574468085106,0.4283051614779687,450.0,11.0,1.0,0.0,0.0,0,0.0
2026,Health_US,persistence,3,0.4007673122678217,0.3621474236229415,0.6330618550093046,0.1655750769661395,0.0153321976149914,0.0,0.0,0.0,0.0,0.0,0.0,0,0.0
2026,Health_US,numerical_only,3,1.7155391782295488,0.9973995107621704,1.3097859283980526,0.5089521581515041,0.6446808510638298,0.0,0.0,0.0,0.0,0.0,0.0,0,0.0
2026,Health_US,raw_text_embedding,3,3.0478455667573146,1.2808216734710325,1.7458079982510433,0.6419421287075746,0.5085106382978724,0.0,0.0,0.0,0.0,0.0,0.0,0,0.0
2026,Health_US,event_no_verifier,3,1.5074619173390034,0.8931506174880285,1.2277874072244768,0.4247900550704349,0.6042553191489362,0.4712230723522801,1199.0,11.0,1.0,0.0,0.0,0,0.0
2026,Health_US,event_with_verifier,3,1.7720217666895932,1.010430275380053,1.3311730791634848,0.5025711264238563,0.6425531914893617,0.4712230723522801,1199.0,11.0,1.0,0.0,0.0,0,0.0
2026,Health_US,full_cents_feature,3,1.7720217666895932,1.010430275380053,1.3311730791634848,0.5025711264238563,0.6425531914893617,0.4712230723522801,1199.0,11.0,1.0,0.0,0.0,0,0.0
2026,Health_US,persistence,6,0.846096172240955,0.5462979610019926,0.919834861396846,0.264392826478024,0.0153714773697694,0.0,0.0,0.0,0.0,0.0,0.0,0,0.0
2026,Health_US,numerical_only,6,3.2100911176898648,1.3643743714781678,1.7916727150040168,0.7466321860452266,0.6604255319148936,0.0,0.0,0.0,0.0,0.0,0.0,0,0.0
2026,Health_US,raw_text_embedding,6,6.476062950097168,1.9469706400105404,2.544810985141562,0.9496408994679468,0.5174468085106383,0.0,0.0,0.0,0.0,0.0,0.0,0,0.0
2026,Health_US,event_no_verifier,6,2.867887327931548,1.2596473554173642,1.6934837843721882,0.6404359880443207,0.6306382978723404,0.4712230723522801,1199.0,11.0,1.0,0.0,0.0,0,0.0
2026,Health_US,event_with_verifier,6,3.318521829283993,1.3964413788161272,1.821681044882444,0.7523732882119322,0.6570212765957447,0.4712230723522801,1199.0,11.0,1.0,0.0,0.0,0,0.0
2026,Health_US,full_cents_feature,6,3.318521829283993,1.3964413788161272,1.821681044882444,0.7523732882119322,0.6570212765957447,0.4712230723522801,1199.0,11.0,1.0,0.0,0.0,0,0.0
2026,Health_AFR,persistence,3,0.0107171106506118,0.0534465411589745,0.1035234787408722,0.4444085278717301,0.0336456558773424,0.0,0.0,0.0,0.0,0.0,0.0,0,0.0
2026,Health_AFR,numerical_only,3,0.0026579936309314,0.0439279753741797,0.0515557332498668,1.8333539996231811,0.5361702127659574,0.0,0.0,0.0,0.0,0.0,0.0,0,0.0
2026,Health_AFR,raw_text_embedding,3,0.0661034035175984,0.2004738132905413,0.2571058216330358,5.209576213892021,0.4978723404255319,0.0,0.0,0.0,0.0,0.0,0.0,0,0.0
2026,Health_AFR,event_no_verifier,3,0.0049401875846343,0.0581549770097069,0.0702864680051168,2.34056111012573,0.5148936170212766,0.4350050495884297,1198.0,11.0,1.0,0.0,0.0,0,0.0
2026,Health_AFR,event_with_verifier,3,0.0037707587403829,0.0501315355746841,0.061406504056028,1.6883173488809455,0.5063829787234042,0.4350050495884297,1198.0,11.0,1.0,0.0,0.0,0,0.0
2026,Health_AFR,full_cents_feature,3,0.0037707587403829,0.0501315355746841,0.061406504056028,1.6883173488809455,0.5063829787234042,0.4350050495884297,1198.0,11.0,1.0,0.0,0.0,0,0.0
2026,Health_AFR,persistence,6,0.0145402103307399,0.0646927475721921,0.1205827945054348,0.5672602720183425,0.0324508966695132,0.0,0.0,0.0,0.0,0.0,0.0,0,0.0
2026,Health_AFR,numerical_only,6,0.0045913376367904,0.0576867216117044,0.0677594099501351,2.468255876423472,0.5259574468085106,0.0,0.0,0.0,0.0,0.0,0.0,0,0.0
2026,Health_AFR,raw_text_embedding,6,0.0622833046564735,0.1942055034078976,0.2495662330053358,5.02552696939892,0.5004255319148936,0.0,0.0,0.0,0.0,0.0,0.0,0,0.0
2026,Health_AFR,event_no_verifier,6,0.0081375783107273,0.0759017202081692,0.0902085268182965,3.070595766859024,0.505531914893617,0.4350050495884297,1198.0,11.0,1.0,0.0,0.0,0,0.0
2026,Health_AFR,event_with_verifier,6,0.0057869472716748,0.0622313436470324,0.0760719874308199,2.204865945965468,0.4868085106382979,0.4350050495884297,1198.0,11.0,1.0,0.0,0.0,0,0.0
2026,Health_AFR,full_cents_feature,6,0.0057869472716748,0.0622313436470324,0.0760719874308199,2.204865945965468,0.4868085106382979,0.4350050495884297,1198.0,11.0,1.0,0.0,0.0,0,0.0
2027,Energy,persistence,3,0.0119464616695059,0.0737620670073821,0.1092998704002249,0.0267612317990631,0.0085178875638841,0.0,0.0,0.0,0.0,0.0,0.0,0,0.0
2027,Energy,numerical_only,3,0.0197523501164096,0.0999501563559656,0.1405430543157848,0.0297638289500607,0.5468085106382978,0.0,0.0,0.0,0.0,0.0,0.0,0,0.0
2027,Energy,raw_text_embedding,3,0.0452245040040381,0.1581111391781293,0.212660537016246,0.0473270635161242,0.5127659574468085,0.0,0.0,0.0,0.0,0.0,0.0,0,0.0
2027,Energy,event_no_verifier,3,0.028311939058621,0.1217927582732386,0.1682615198392698,0.0370607091334011,0.5638297872340425,0.4278611585068818,450.0,11.0,1.0,0.0,0.0,0,0.0
2027,Energy,event_with_verifier,3,0.0234868687890481,0.1090880904466171,0.1532542618952183,0.0327152490209328,0.5404255319148936,0.4278611585068818,450.0,11.0,1.0,0.0,0.0,0,0.0
2027,Energy,full_cents_feature,3,0.0234868687890481,0.1090880904466171,0.1532542618952183,0.0327152490209328,0.5404255319148936,0.4278611585068818,450.0,11.0,1.0,0.0,0.0,0,0.0
2027,Energy,persistence,6,0.0294510054084827,0.1135027042413891,0.1716129523330997,0.0414474290398584,0.0085397096498719,0.0,0.0,0.0,0.0,0.0,0.0,0,0.0
2027,Energy,numerical_only,6,0.0635375666922228,0.1816855809536494,0.2520665917812649,0.0546877562852688,0.5182978723404256,0.0,0.0,0.0,0.0,0.0,0.0,0,0.0
2027,Energy,raw_text_embedding,6,0.1554776777371496,0.2914476460618703,0.3943065783589587,0.0866247298808745,0.52,0.0,0.0,0.0,0.0,0.0,0.0,0,0.0
2027,Energy,event_no_verifier,6,0.0846371368764218,0.2008438210870261,0.2909246240461983,0.0597849924493947,0.5276595744680851,0.4278611585068818,450.0,11.0,1.0,0.0,0.0,0,0.0
2027,Energy,event_with_verifier,6,0.0709345078895129,0.1868047683009768,0.2663353297809228,0.0561476736802238,0.5259574468085106,0.4278611585068818,450.0,11.0,1.0,0.0,0.0,0,0.0
2027,Energy,full_cents_feature,6,0.0709345078895129,0.1868047683009768,0.2663353297809228,0.0561476736802238,0.5259574468085106,0.4278611585068818,450.0,11.0,1.0,0.0,0.0,0,0.0
2027,Health_US,persistence,3,0.4007673122678217,0.3621474236229415,0.6330618550093046,0.1655750769661395,0.0153321976149914,0.0,0.0,0.0,0.0,0.0,0.0,0,0.0
2027,Health_US,numerical_only,3,1.7155391782295488,0.9973995107621704,1.3097859283980526,0.5089521581515041,0.6446808510638298,0.0,0.0,0.0,0.0,0.0,0.0,0,0.0
2027,Health_US,raw_text_embedding,3,3.0478455667573146,1.2808216734710325,1.7458079982510433,0.6419421287075746,0.5085106382978724,0.0,0.0,0.0,0.0,0.0,0.0,0,0.0
2027,Health_US,event_no_verifier,3,1.5076836331232089,0.8933289378028281,1.227877694692435,0.4250453731525204,0.6042553191489362,0.4668523118030308,1199.0,11.0,1.0,0.0,0.0,0,0.0
2027,Health_US,event_with_verifier,3,1.762580182337812,1.0157706417275496,1.327622002807204,0.5114200014867889,0.648936170212766,0.4668523118030308,1199.0,11.0,1.0,0.0,0.0,0,0.0
2027,Health_US,full_cents_feature,3,1.762580182337812,1.0157706417275496,1.327622002807204,0.5114200014867889,0.648936170212766,0.4668523118030308,1199.0,11.0,1.0,0.0,0.0,0,0.0
2027,Health_US,persistence,6,0.846096172240955,0.5462979610019926,0.919834861396846,0.264392826478024,0.0153714773697694,0.0,0.0,0.0,0.0,0.0,0.0,0,0.0
2027,Health_US,numerical_only,6,3.2100911176898648,1.3643743714781678,1.7916727150040168,0.7466321860452266,0.6604255319148936,0.0,0.0,0.0,0.0,0.0,0.0,0,0.0
2027,Health_US,raw_text_embedding,6,6.476062950097168,1.9469706400105404,2.544810985141562,0.9496408994679468,0.5174468085106383,0.0,0.0,0.0,0.0,0.0,0.0,0,0.0
2027,Health_US,event_no_verifier,6,2.8701516816281045,1.2601554722278736,1.6941522014353092,0.640877467197376,0.6280851063829788,0.4668523118030308,1199.0,11.0,1.0,0.0,0.0,0,0.0
2027,Health_US,event_with_verifier,6,3.2505257122922027,1.386966266343583,1.8029214381919705,0.7500769204124703,0.6595744680851063,0.4668523118030308,1199.0,11.0,1.0,0.0,0.0,0,0.0
2027,Health_US,full_cents_feature,6,3.2505257122922027,1.386966266343583,1.8029214381919705,0.7500769204124703,0.6595744680851063,0.4668523118030308,1199.0,11.0,1.0,0.0,0.0,0,0.0
2027,Health_AFR,persistence,3,0.0107171106506118,0.0534465411589745,0.1035234787408722,0.4444085278717301,0.0336456558773424,0.0,0.0,0.0,0.0,0.0,0.0,0,0.0
2027,Health_AFR,numerical_only,3,0.0026579936309314,0.0439279753741797,0.0515557332498668,1.8333539996231811,0.5361702127659574,0.0,0.0,0.0,0.0,0.0,0.0,0,0.0
2027,Health_AFR,raw_text_embedding,3,0.0661034035175984,0.2004738132905413,0.2571058216330358,5.209576213892021,0.4978723404255319,0.0,0.0,0.0,0.0,0.0,0.0,0,0.0
2027,Health_AFR,event_no_verifier,3,0.0049401430899703,0.0581546894375634,0.0702861514807177,2.3405436212032207,0.5148936170212766,0.4360120323353919,1198.0,11.0,1.0,0.0,0.0,0,0.0
2027,Health_AFR,event_with_verifier,3,0.0037706963286315,0.0501309326688659,0.0614059958687388,1.6883096902196724,0.5063829787234042,0.4360120323353919,1198.0,11.0,1.0,0.0,0.0,0,0.0
2027,Health_AFR,full_cents_feature,3,0.0037706963286315,0.0501309326688659,0.0614059958687388,1.6883096902196724,0.5063829787234042,0.4360120323353919,1198.0,11.0,1.0,0.0,0.0,0,0.0
2027,Health_AFR,persistence,6,0.0145402103307399,0.0646927475721921,0.1205827945054348,0.5672602720183425,0.0324508966695132,0.0,0.0,0.0,0.0,0.0,0.0,0,0.0
2027,Health_AFR,numerical_only,6,0.0045913376367904,0.0576867216117044,0.0677594099501351,2.468255876423472,0.5259574468085106,0.0,0.0,0.0,0.0,0.0,0.0,0,0.0
2027,Health_AFR,raw_text_embedding,6,0.0622833046564735,0.1942055034078976,0.2495662330053358,5.02552696939892,0.5004255319148936,0.0,0.0,0.0,0.0,0.0,0.0,0,0.0
2027,Health_AFR,event_no_verifier,6,0.0081375218181958,0.0759013929094242,0.0902082136958481,3.0705763742715124,0.505531914893617,0.4360120323353919,1198.0,11.0,1.0,0.0,0.0,0,0.0
2027,Health_AFR,event_with_verifier,6,0.0057868862871512,0.0622309189872603,0.0760715865954646,2.2048607248126384,0.4868085106382979,0.4360120323353919,1198.0,11.0,1.0,0.0,0.0,0,0.0
2027,Health_AFR,full_cents_feature,6,0.0057868862871512,0.0622309189872603,0.0760715865954646,2.2048607248126384,0.4868085106382979,0.4360120323353919,1198.0,11.0,1.0,0.0,0.0,0,0.0
2028,Energy,persistence,3,0.0119464616695059,0.0737620670073821,0.1092998704002249,0.0267612317990631,0.0085178875638841,0.0,0.0,0.0,0.0,0.0,0.0,0,0.0
2028,Energy,numerical_only,3,0.0197523501164096,0.0999501563559656,0.1405430543157848,0.0297638289500607,0.5468085106382978,0.0,0.0,0.0,0.0,0.0,0.0,0,0.0
2028,Energy,raw_text_embedding,3,0.0452245040040381,0.1581111391781293,0.212660537016246,0.0473270635161242,0.5127659574468085,0.0,0.0,0.0,0.0,0.0,0.0,0,0.0
2028,Energy,event_no_verifier,3,0.0283085998171399,0.1217841607964423,0.1682515967744138,0.0370577575371839,0.5638297872340425,0.4285365039130918,450.0,11.0,1.0,0.0,0.0,0,0.0
2028,Energy,event_with_verifier,3,0.0234847929269699,0.1090808266394699,0.1532474891375711,0.0327130132547753,0.5404255319148936,0.4285365039130918,450.0,11.0,1.0,0.0,0.0,0,0.0
2028,Energy,full_cents_feature,3,0.0234847929269699,0.1090808266394699,0.1532474891375711,0.0327130132547753,0.5404255319148936,0.4285365039130918,450.0,11.0,1.0,0.0,0.0,0,0.0
2028,Energy,persistence,6,0.0294510054084827,0.1135027042413891,0.1716129523330997,0.0414474290398584,0.0085397096498719,0.0,0.0,0.0,0.0,0.0,0.0,0,0.0
2028,Energy,numerical_only,6,0.0635375666922228,0.1816855809536494,0.2520665917812649,0.0546877562852688,0.5182978723404256,0.0,0.0,0.0,0.0,0.0,0.0,0,0.0
2028,Energy,raw_text_embedding,6,0.1554776777371496,0.2914476460618703,0.3943065783589587,0.0866247298808745,0.52,0.0,0.0,0.0,0.0,0.0,0.0,0,0.0
2028,Energy,event_no_verifier,6,0.084626942825838,0.2008301782718123,0.2909071034296654,0.0597808004583185,0.5276595744680851,0.4285365039130918,450.0,11.0,1.0,0.0,0.0,0,0.0
2028,Energy,event_with_verifier,6,0.0709275618336635,0.1867950964276833,0.2663222894045174,0.0561445694792983,0.5259574468085106,0.4285365039130918,450.0,11.0,1.0,0.0,0.0,0,0.0
2028,Energy,full_cents_feature,6,0.0709275618336635,0.1867950964276833,0.2663222894045174,0.0561445694792983,0.5259574468085106,0.4285365039130918,450.0,11.0,1.0,0.0,0.0,0,0.0
2028,Health_US,persistence,3,0.4007673122678217,0.3621474236229415,0.6330618550093046,0.1655750769661395,0.0153321976149914,0.0,0.0,0.0,0.0,0.0,0.0,0,0.0
2028,Health_US,numerical_only,3,1.7155391782295488,0.9973995107621704,1.3097859283980526,0.5089521581515041,0.6446808510638298,0.0,0.0,0.0,0.0,0.0,0.0,0,0.0
2028,Health_US,raw_text_embedding,3,3.0478455667573146,1.2808216734710325,1.7458079982510433,0.6419421287075746,0.5085106382978724,0.0,0.0,0.0,0.0,0.0,0.0,0,0.0
2028,Health_US,event_no_verifier,3,1.5076083703812466,0.8932765395824666,1.2278470468186364,0.4249738232140272,0.6042553191489362,0.4680561675378364,1199.0,11.0,1.0,0.0,0.0,0,0.0
2028,Health_US,event_with_verifier,3,1.7748275101376714,1.0116686850887622,1.3322265235828594,0.5036250816288019,0.6425531914893617,0.4680561675378364,1199.0,11.0,1.0,0.0,0.0,0,0.0
2028,Health_US,full_cents_feature,3,1.7748275101376714,1.0116686850887622,1.3322265235828594,0.5036250816288019,0.6425531914893617,0.4680561675378364,1199.0,11.0,1.0,0.0,0.0,0,0.0
2028,Health_US,persistence,6,0.846096172240955,0.5462979610019926,0.919834861396846,0.264392826478024,0.0153714773697694,0.0,0.0,0.0,0.0,0.0,0.0,0,0.0
2028,Health_US,numerical_only,6,3.2100911176898648,1.3643743714781678,1.7916727150040168,0.7466321860452266,0.6604255319148936,0.0,0.0,0.0,0.0,0.0,0.0,0,0.0
2028,Health_US,raw_text_embedding,6,6.476062950097168,1.9469706400105404,2.544810985141562,0.9496408994679468,0.5174468085106383,0.0,0.0,0.0,0.0,0.0,0.0,0,0.0
2028,Health_US,event_no_verifier,6,2.869506953348323,1.2600125312383614,1.6939619102412908,0.640754439020156,0.6280851063829788,0.4680561675378364,1199.0,11.0,1.0,0.0,0.0,0,0.0
2028,Health_US,event_with_verifier,6,3.3239845779877064,1.398170614776394,1.8231797985902836,0.7537348163253653,0.6570212765957447,0.4680561675378364,1199.0,11.0,1.0,0.0,0.0,0,0.0
2028,Health_US,full_cents_feature,6,3.3239845779877064,1.398170614776394,1.8231797985902836,0.7537348163253653,0.6570212765957447,0.4680561675378364,1199.0,11.0,1.0,0.0,0.0,0,0.0
2028,Health_AFR,persistence,3,0.0107171106506118,0.0534465411589745,0.1035234787408722,0.4444085278717301,0.0336456558773424,0.0,0.0,0.0,0.0,0.0,0.0,0,0.0
2028,Health_AFR,numerical_only,3,0.0026579936309314,0.0439279753741797,0.0515557332498668,1.8333539996231811,0.5361702127659574,0.0,0.0,0.0,0.0,0.0,0.0,0,0.0
2028,Health_AFR,raw_text_embedding,3,0.0661034035175984,0.2004738132905413,0.2571058216330358,5.209576213892021,0.4978723404255319,0.0,0.0,0.0,0.0,0.0,0.0,0,0.0
2028,Health_AFR,event_no_verifier,3,0.0049401816929443,0.0581549388915756,0.0702864260931255,2.340558801421158,0.5148936170212766,0.4351400005121152,1198.0,11.0,1.0,0.0,0.0,0,0.0
2028,Health_AFR,event_with_verifier,3,0.0037707504152687,0.0501314553231799,0.0614064362690813,1.6883163385247193,0.5063829787234042,0.4351400005121152,1198.0,11.0,1.0,0.0,0.0,0,0.0
2028,Health_AFR,full_cents_feature,3,0.0037707504152687,0.0501314553231799,0.0614064362690813,1.6883163385247193,0.5063829787234042,0.4351400005121152,1198.0,11.0,1.0,0.0,0.0,0,0.0
2028,Health_AFR,persistence,6,0.0145402103307399,0.0646927475721921,0.1205827945054348,0.5672602720183425,0.0324508966695132,0.0,0.0,0.0,0.0,0.0,0.0,0,0.0
2028,Health_AFR,numerical_only,6,0.0045913376367904,0.0576867216117044,0.0677594099501351,2.468255876423472,0.5259574468085106,0.0,0.0,0.0,0.0,0.0,0.0,0,0.0
2028,Health_AFR,raw_text_embedding,6,0.0622833046564735,0.1942055034078976,0.2495662330053358,5.02552696939892,0.5004255319148936,0.0,0.0,0.0,0.0,0.0,0.0,0,0.0
2028,Health_AFR,event_no_verifier,6,0.008137570823487,0.0759016768368315,0.0902084853186609,3.070593207910515,0.505531914893617,0.4351400005121152,1198.0,11.0,1.0,0.0,0.0,0,0.0
2028,Health_AFR,event_with_verifier,6,0.0057869392597515,0.0622312877836218,0.0760719347706601,2.204865275441425,0.4868085106382979,0.4351400005121152,1198.0,11.0,1.0,0.0,0.0,0,0.0
2028,Health_AFR,full_cents_feature,6,0.0057869392597515,0.0622312877836218,0.0760719347706601,2.204865275441425,0.4868085106382979,0.4351400005121152,1198.0,11.0,1.0,0.0,0.0,0,0.0
2026,Energy,persistence,3,0.0135963165639972,0.0799613278576317,0.1166032442258673,0.0271465694600198,0.0061601642710472,0.0,0.0,0.0,0.0,0.0,0.0,0,0.0
2026,Energy,numerical_only,3,0.0286280118727645,0.1217485496803215,0.1691981438218651,0.0341240763158466,0.5,0.0,0.0,0.0,0.0,0.0,0.0,0,0.0
2026,Energy,raw_text_embedding,3,0.0504292610242572,0.1668937935641472,0.2245646032309127,0.0480158235430759,0.4641025641025641,0.0,0.0,0.0,0.0,0.0,0.0,0,0.0
2026,Energy,event_no_verifier,3,0.0399820923422102,0.1467189557770989,0.199955225843713,0.042631873757777,0.4846153846153846,0.4414874239611691,450.0,11.0,1.0,0.0,0.0,0,0.0
2026,Energy,event_with_verifier,3,0.0360311115706931,0.1344284860962632,0.1898186280919054,0.0384098135335557,0.4974358974358974,0.4414874239611691,450.0,11.0,1.0,0.0,0.0,0,0.0
2026,Energy,full_cents_feature,3,0.0360311115706931,0.1344284860962632,0.1898186280919054,0.0384098135335557,0.4974358974358974,0.4414874239611691,450.0,11.0,1.0,0.0,0.0,0,0.0
2026,Energy,persistence,6,0.0332774119464469,0.1224840370751802,0.1824209745244415,0.0419507466488087,0.0061791967044284,0.0,0.0,0.0,0.0,0.0,0.0,0,0.0
2026,Energy,numerical_only,6,0.0954053299604394,0.221635478840686,0.3088775323011361,0.0620726826974833,0.481025641025641,0.0,0.0,0.0,0.0,0.0,0.0,0,0.0
2026,Energy,raw_text_embedding,6,0.1559989094810679,0.2880769345261992,0.394966972645901,0.0834527819379565,0.4523076923076923,0.0,0.0,0.0,0.0,0.0,0.0,0,0.0
2026,Energy,event_no_verifier,6,0.1256156913051947,0.2556407780742049,0.3544230400315345,0.0732172699251595,0.4738461538461538,0.4414874239611691,450.0,11.0,1.0,0.0,0.0,0,0.0
2026,Energy,event_with_verifier,6,0.129658381488395,0.2582116518255742,0.3600810762708796,0.0734066477971086,0.5035897435897436,0.4414874239611691,450.0,11.0,1.0,0.0,0.0,0,0.0
2026,Energy,full_cents_feature,6,0.129658381488395,0.2582116518255742,0.3600810762708796,0.0734066477971086,0.5035897435897436,0.4414874239611691,450.0,11.0,1.0,0.0,0.0,0,0.0
2026,Health_US,persistence,3,0.3913283359521287,0.3656680547570157,0.625562415712556,0.1566719526417956,0.0,0.0,0.0,0.0,0.0,0.0,0.0,0,0.0
2026,Health_US,numerical_only,3,1.4290993883603826,0.9292878946906268,1.1954494503576396,0.4802971458706866,0.6512820512820513,0.0,0.0,0.0,0.0,0.0,0.0,0,0.0
2026,Health_US,raw_text_embedding,3,4.601304830116166,1.6726974091666935,2.145065227473553,0.8888228870223375,0.6102564102564103,0.0,0.0,0.0,0.0,0.0,0.0,0,0.0
2026,Health_US,event_no_verifier,3,1.7815397640775763,0.9791774910119316,1.334743332658971,0.474941530265451,0.6333333333333333,0.4129273377379057,1199.0,11.0,1.0,0.0,0.0,0,0.0
2026,Health_US,event_with_verifier,3,1.5674737802320051,0.9785920347408782,1.2519879313443902,0.5513862770113602,0.6487179487179487,0.4129273377379057,1199.0,11.0,1.0,0.0,0.0,0,0.0
2026,Health_US,full_cents_feature,3,1.5674737802320051,0.9785920347408782,1.2519879313443902,0.5513862770113602,0.6487179487179487,0.4129273377379057,1199.0,11.0,1.0,0.0,0.0,0,0.0
2026,Health_US,persistence,6,0.8274768553500911,0.5513363832818401,0.9096575483939496,0.2510563589462203,0.0,0.0,0.0,0.0,0.0,0.0,0.0,0,0.0
2026,Health_US,numerical_only,6,3.2832966249875053,1.4447503277308391,1.8119869273776523,0.7985621719777897,0.6666666666666666,0.0,0.0,0.0,0.0,0.0,0.0,0,0.0
2026,Health_US,raw_text_embedding,6,12.706653489054808,2.8059221423739937,3.564639321033028,1.5902750244037192,0.602051282051282,0.0,0.0,0.0,0.0,0.0,0.0,0,0.0
2026,Health_US,event_no_verifier,6,4.093428823584647,1.4992713703880285,2.023222386092208,0.7893726232028361,0.6564102564102564,0.4129273377379057,1199.0,11.0,1.0,0.0,0.0,0,0.0
2026,Health_US,event_with_verifier,6,3.82806916839425,1.519578333423181,1.956545212458493,0.8971549395587853,0.6779487179487179,0.4129273377379057,1199.0,11.0,1.0,0.0,0.0,0,0.0
2026,Health_US,full_cents_feature,6,3.82806916839425,1.519578333423181,1.956545212458493,0.8971549395587853,0.6779487179487179,0.4129273377379057,1199.0,11.0,1.0,0.0,0.0,0,0.0
2027,Energy,persistence,3,0.0135963165639972,0.0799613278576317,0.1166032442258673,0.0271465694600198,0.0061601642710472,0.0,0.0,0.0,0.0,0.0,0.0,0,0.0
2027,Energy,numerical_only,3,0.0286280118727645,0.1217485496803215,0.1691981438218651,0.0341240763158466,0.5,0.0,0.0,0.0,0.0,0.0,0.0,0,0.0
2027,Energy,raw_text_embedding,3,0.0504292610242572,0.1668937935641472,0.2245646032309127,0.0480158235430759,0.4641025641025641,0.0,0.0,0.0,0.0,0.0,0.0,0,0.0
2027,Energy,event_no_verifier,3,0.0399825752757643,0.1467201383637607,0.1999564334442989,0.0426322304583695,0.4846153846153846,0.4409700899278611,450.0,11.0,1.0,0.0,0.0,0,0.0
2027,Energy,event_with_verifier,3,0.0360332753875825,0.134434196357099,0.1898243277021744,0.0384117122655204,0.4974358974358974,0.4409700899278611,450.0,11.0,1.0,0.0,0.0,0,0.0
2027,Energy,full_cents_feature,3,0.0360332753875825,0.134434196357099,0.1898243277021744,0.0384117122655204,0.4974358974358974,0.4409700899278611,450.0,11.0,1.0,0.0,0.0,0,0.0
2027,Energy,persistence,6,0.0332774119464469,0.1224840370751802,0.1824209745244415,0.0419507466488087,0.0061791967044284,0.0,0.0,0.0,0.0,0.0,0.0,0,0.0
2027,Energy,numerical_only,6,0.0954053299604394,0.221635478840686,0.3088775323011361,0.0620726826974833,0.481025641025641,0.0,0.0,0.0,0.0,0.0,0.0,0,0.0
2027,Energy,raw_text_embedding,6,0.1559989094810679,0.2880769345261992,0.394966972645901,0.0834527819379565,0.4523076923076923,0.0,0.0,0.0,0.0,0.0,0.0,0,0.0
2027,Energy,event_no_verifier,6,0.1256172089101069,0.255642843820386,0.3544251809763337,0.0732178887852994,0.4738461538461538,0.4409700899278611,450.0,11.0,1.0,0.0,0.0,0,0.0
2027,Energy,event_with_verifier,6,0.1296761068388443,0.2582302794090554,0.3601056884288893,0.0734124574752164,0.5035897435897436,0.4409700899278611,450.0,11.0,1.0,0.0,0.0,0,0.0
2027,Energy,full_cents_feature,6,0.1296761068388443,0.2582302794090554,0.3601056884288893,0.0734124574752164,0.5035897435897436,0.4409700899278611,450.0,11.0,1.0,0.0,0.0,0,0.0
2027,Health_US,persistence,3,0.3913283359521287,0.3656680547570157,0.625562415712556,0.1566719526417956,0.0,0.0,0.0,0.0,0.0,0.0,0.0,0,0.0
2027,Health_US,numerical_only,3,1.4290993883603826,0.9292878946906268,1.1954494503576396,0.4802971458706866,0.6512820512820513,0.0,0.0,0.0,0.0,0.0,0.0,0,0.0
2027,Health_US,raw_text_embedding,3,4.601304830116166,1.6726974091666935,2.145065227473553,0.8888228870223375,0.6102564102564103,0.0,0.0,0.0,0.0,0.0,0.0,0,0.0
2027,Health_US,event_no_verifier,3,1.7792282990781405,0.9784841523553222,1.3338771679124508,0.4746867414945165,0.6333333333333333,0.4070482078339001,1199.0,11.0,1.0,0.0,0.0,0,0.0
2027,Health_US,event_with_verifier,3,1.5652184337794286,0.9744075340421532,1.251086900970284,0.5485684294221431,0.6435897435897436,0.4070482078339001,1199.0,11.0,1.0,0.0,0.0,0,0.0
2027,Health_US,full_cents_feature,3,1.5652184337794286,0.9744075340421532,1.251086900970284,0.5485684294221431,0.6435897435897436,0.4070482078339001,1199.0,11.0,1.0,0.0,0.0,0,0.0
2027,Health_US,persistence,6,0.8274768553500911,0.5513363832818401,0.9096575483939496,0.2510563589462203,0.0,0.0,0.0,0.0,0.0,0.0,0.0,0,0.0
2027,Health_US,numerical_only,6,3.2832966249875053,1.4447503277308391,1.8119869273776523,0.7985621719777897,0.6666666666666666,0.0,0.0,0.0,0.0,0.0,0.0,0,0.0
2027,Health_US,raw_text_embedding,6,12.706653489054808,2.8059221423739937,3.564639321033028,1.5902750244037192,0.602051282051282,0.0,0.0,0.0,0.0,0.0,0.0,0,0.0
2027,Health_US,event_no_verifier,6,4.090339201933002,1.4989594764000538,2.0224587021575995,0.7893236751160472,0.6564102564102564,0.4070482078339001,1199.0,11.0,1.0,0.0,0.0,0,0.0
2027,Health_US,event_with_verifier,6,3.876049886186188,1.519665274994245,1.9687686218004867,0.8962149704624458,0.6697435897435897,0.4070482078339001,1199.0,11.0,1.0,0.0,0.0,0,0.0
2027,Health_US,full_cents_feature,6,3.876049886186188,1.519665274994245,1.9687686218004867,0.8962149704624458,0.6697435897435897,0.4070482078339001,1199.0,11.0,1.0,0.0,0.0,0,0.0
2028,Energy,persistence,3,0.0135963165639972,0.0799613278576317,0.1166032442258673,0.0271465694600198,0.0061601642710472,0.0,0.0,0.0,0.0,0.0,0.0,0,0.0
2028,Energy,numerical_only,3,0.0286280118727645,0.1217485496803215,0.1691981438218651,0.0341240763158466,0.5,0.0,0.0,0.0,0.0,0.0,0.0,0,0.0
2028,Energy,raw_text_embedding,3,0.0504292610242572,0.1668937935641472,0.2245646032309127,0.0480158235430759,0.4641025641025641,0.0,0.0,0.0,0.0,0.0,0.0,0,0.0
2028,Energy,event_no_verifier,3,0.0399826541537227,0.1467203314584573,0.1999566306820624,0.0426322887196627,0.4846153846153846,0.4408844720484516,450.0,11.0,1.0,0.0,0.0,0,0.0
2028,Energy,event_with_verifier,3,0.0360336302759781,0.1344351331143645,0.1898252624809937,0.0384120237986299,0.4974358974358974,0.4408844720484516,450.0,11.0,1.0,0.0,0.0,0,0.0
2028,Energy,full_cents_feature,3,0.0360336302759781,0.1344351331143645,0.1898252624809937,0.0384120237986299,0.4974358974358974,0.4408844720484516,450.0,11.0,1.0,0.0,0.0,0,0.0
2028,Energy,persistence,6,0.0332774119464469,0.1224840370751802,0.1824209745244415,0.0419507466488087,0.0061791967044284,0.0,0.0,0.0,0.0,0.0,0.0,0,0.0
2028,Energy,numerical_only,6,0.0954053299604394,0.221635478840686,0.3088775323011361,0.0620726826974833,0.481025641025641,0.0,0.0,0.0,0.0,0.0,0.0,0,0.0
2028,Energy,raw_text_embedding,6,0.1559989094810679,0.2880769345261992,0.394966972645901,0.0834527819379565,0.4523076923076923,0.0,0.0,0.0,0.0,0.0,0.0,0,0.0
2028,Energy,event_no_verifier,6,0.125617455896354,0.2556431801969663,0.3544255294083004,0.0732179895861393,0.4738461538461538,0.4408844720484516,450.0,11.0,1.0,0.0,0.0,0,0.0
2028,Energy,event_with_verifier,6,0.1296790173507357,0.258233337315226,0.3601097295974322,0.0734134112250027,0.5035897435897436,0.4408844720484516,450.0,11.0,1.0,0.0,0.0,0,0.0
2028,Energy,full_cents_feature,6,0.1296790173507357,0.258233337315226,0.3601097295974322,0.0734134112250027,0.5035897435897436,0.4408844720484516,450.0,11.0,1.0,0.0,0.0,0,0.0
2028,Health_US,persistence,3,0.3913283359521287,0.3656680547570157,0.625562415712556,0.1566719526417956,0.0,0.0,0.0,0.0,0.0,0.0,0.0,0,0.0
2028,Health_US,numerical_only,3,1.4290993883603826,0.9292878946906268,1.1954494503576396,0.4802971458706866,0.6512820512820513,0.0,0.0,0.0,0.0,0.0,0.0,0,0.0
2028,Health_US,raw_text_embedding,3,4.601304830116166,1.6726974091666935,2.145065227473553,0.8888228870223375,0.6102564102564103,0.0,0.0,0.0,0.0,0.0,0.0,0,0.0
2028,Health_US,event_no_verifier,3,1.781282343295138,0.979097232891592,1.334646898357441,0.4749102284604931,0.6333333333333333,0.4122742918794612,1199.0,11.0,1.0,0.0,0.0,0,0.0
2028,Health_US,event_with_verifier,3,1.5667203233188385,0.9782394516413796,1.2516869909521464,0.5512391851298188,0.6487179487179487,0.4122742918794612,1199.0,11.0,1.0,0.0,0.0,0,0.0
2028,Health_US,full_cents_feature,3,1.5667203233188385,0.9782394516413796,1.2516869909521464,0.5512391851298188,0.6487179487179487,0.4122742918794612,1199.0,11.0,1.0,0.0,0.0,0,0.0
2028,Health_US,persistence,6,0.8274768553500911,0.5513363832818401,0.9096575483939496,0.2510563589462203,0.0,0.0,0.0,0.0,0.0,0.0,0.0,0,0.0
2028,Health_US,numerical_only,6,3.2832966249875053,1.4447503277308391,1.8119869273776523,0.7985621719777897,0.6666666666666666,0.0,0.0,0.0,0.0,0.0,0.0,0,0.0
2028,Health_US,raw_text_embedding,6,12.706653489054808,2.8059221423739937,3.564639321033028,1.5902750244037192,0.602051282051282,0.0,0.0,0.0,0.0,0.0,0.0,0,0.0
2028,Health_US,event_no_verifier,6,4.093069366681233,1.4992290517475526,2.0231335513705546,0.7893620807918956,0.6564102564102564,0.4122742918794612,1199.0,11.0,1.0,0.0,0.0,0,0.0
2028,Health_US,event_with_verifier,6,3.8268093673490906,1.5191990481238444,1.9562232406729787,0.8969946030229816,0.6779487179487179,0.4122742918794612,1199.0,11.0,1.0,0.0,0.0,0,0.0
2028,Health_US,full_cents_feature,6,3.8268093673490906,1.5191990481238444,1.9562232406729787,0.8969946030229816,0.6779487179487179,0.4122742918794612,1199.0,11.0,1.0,0.0,0.0,0,0.0
2026,Energy,persistence,3,0.0135963165639972,0.0799613278576317,0.1166032442258673,0.0271465694600198,0.0061601642710472,0.0,0.0,0.0,0.0,0.0,0.0,0,0.0
2026,Energy,numerical_only,3,0.0286280118727645,0.1217485496803215,0.1691981438218651,0.0341240763158466,0.5,0.0,0.0,0.0,0.0,0.0,0.0,0,0.0
2026,Energy,raw_text_embedding,3,0.0504292610242572,0.1668937935641472,0.2245646032309127,0.0480158235430759,0.4641025641025641,0.0,0.0,0.0,0.0,0.0,0.0,0,0.0
2026,Energy,event_no_verifier,3,0.0399820923422102,0.1467189557770989,0.199955225843713,0.042631873757777,0.4846153846153846,0.4414874239611691,450.0,11.0,1.0,0.0,0.0,0,0.0
2026,Energy,event_with_verifier,3,0.0360311115706931,0.1344284860962632,0.1898186280919054,0.0384098135335557,0.4974358974358974,0.4414874239611691,450.0,11.0,1.0,0.0,0.0,0,0.0
2026,Energy,full_cents_feature,3,0.0360311115706931,0.1344284860962632,0.1898186280919054,0.0384098135335557,0.4974358974358974,0.4414874239611691,450.0,11.0,1.0,0.0,0.0,0,0.0
2026,Energy,persistence,6,0.0332774119464469,0.1224840370751802,0.1824209745244415,0.0419507466488087,0.0061791967044284,0.0,0.0,0.0,0.0,0.0,0.0,0,0.0
2026,Energy,numerical_only,6,0.0954053299604394,0.221635478840686,0.3088775323011361,0.0620726826974833,0.481025641025641,0.0,0.0,0.0,0.0,0.0,0.0,0,0.0
2026,Energy,raw_text_embedding,6,0.1559989094810679,0.2880769345261992,0.394966972645901,0.0834527819379565,0.4523076923076923,0.0,0.0,0.0,0.0,0.0,0.0,0,0.0
2026,Energy,event_no_verifier,6,0.1256156913051947,0.2556407780742049,0.3544230400315345,0.0732172699251595,0.4738461538461538,0.4414874239611691,450.0,11.0,1.0,0.0,0.0,0,0.0
2026,Energy,event_with_verifier,6,0.129658381488395,0.2582116518255742,0.3600810762708796,0.0734066477971086,0.5035897435897436,0.4414874239611691,450.0,11.0,1.0,0.0,0.0,0,0.0
2026,Energy,full_cents_feature,6,0.129658381488395,0.2582116518255742,0.3600810762708796,0.0734066477971086,0.5035897435897436,0.4414874239611691,450.0,11.0,1.0,0.0,0.0,0,0.0
2026,Health_US,persistence,3,0.3913283359521287,0.3656680547570157,0.625562415712556,0.1566719526417956,0.0,0.0,0.0,0.0,0.0,0.0,0.0,0,0.0
2026,Health_US,numerical_only,3,1.4290993883603826,0.9292878946906268,1.1954494503576396,0.4802971458706866,0.6512820512820513,0.0,0.0,0.0,0.0,0.0,0.0,0,0.0
2026,Health_US,raw_text_embedding,3,4.601304830116166,1.6726974091666935,2.145065227473553,0.8888228870223375,0.6102564102564103,0.0,0.0,0.0,0.0,0.0,0.0,0,0.0
2026,Health_US,event_no_verifier,3,1.7815397640775763,0.9791774910119316,1.334743332658971,0.474941530265451,0.6333333333333333,0.4129273377379057,1199.0,11.0,1.0,0.0,0.0,0,0.0
2026,Health_US,event_with_verifier,3,1.5674737802320051,0.9785920347408782,1.2519879313443902,0.5513862770113602,0.6487179487179487,0.4129273377379057,1199.0,11.0,1.0,0.0,0.0,0,0.0
2026,Health_US,full_cents_feature,3,1.5674737802320051,0.9785920347408782,1.2519879313443902,0.5513862770113602,0.6487179487179487,0.4129273377379057,1199.0,11.0,1.0,0.0,0.0,0,0.0
2026,Health_US,persistence,6,0.8274768553500911,0.5513363832818401,0.9096575483939496,0.2510563589462203,0.0,0.0,0.0,0.0,0.0,0.0,0.0,0,0.0
2026,Health_US,numerical_only,6,3.2832966249875053,1.4447503277308391,1.8119869273776523,0.7985621719777897,0.6666666666666666,0.0,0.0,0.0,0.0,0.0,0.0,0,0.0
2026,Health_US,raw_text_embedding,6,12.706653489054808,2.8059221423739937,3.564639321033028,1.5902750244037192,0.602051282051282,0.0,0.0,0.0,0.0,0.0,0.0,0,0.0
2026,Health_US,event_no_verifier,6,4.093428823584647,1.4992713703880285,2.023222386092208,0.7893726232028361,0.6564102564102564,0.4129273377379057,1199.0,11.0,1.0,0.0,0.0,0,0.0
2026,Health_US,event_with_verifier,6,3.82806916839425,1.519578333423181,1.956545212458493,0.8971549395587853,0.6779487179487179,0.4129273377379057,1199.0,11.0,1.0,0.0,0.0,0,0.0
2026,Health_US,full_cents_feature,6,3.82806916839425,1.519578333423181,1.956545212458493,0.8971549395587853,0.6779487179487179,0.4129273377379057,1199.0,11.0,1.0,0.0,0.0,0,0.0
2027,Energy,persistence,3,0.0135963165639972,0.0799613278576317,0.1166032442258673,0.0271465694600198,0.0061601642710472,0.0,0.0,0.0,0.0,0.0,0.0,0,0.0
2027,Energy,numerical_only,3,0.0286280118727645,0.1217485496803215,0.1691981438218651,0.0341240763158466,0.5,0.0,0.0,0.0,0.0,0.0,0.0,0,0.0
2027,Energy,raw_text_embedding,3,0.0504292610242572,0.1668937935641472,0.2245646032309127,0.0480158235430759,0.4641025641025641,0.0,0.0,0.0,0.0,0.0,0.0,0,0.0
2027,Energy,event_no_verifier,3,0.0399825752757643,0.1467201383637607,0.1999564334442989,0.0426322304583695,0.4846153846153846,0.4409700899278611,450.0,11.0,1.0,0.0,0.0,0,0.0
2027,Energy,event_with_verifier,3,0.0360332753875825,0.134434196357099,0.1898243277021744,0.0384117122655204,0.4974358974358974,0.4409700899278611,450.0,11.0,1.0,0.0,0.0,0,0.0
2027,Energy,full_cents_feature,3,0.0360332753875825,0.134434196357099,0.1898243277021744,0.0384117122655204,0.4974358974358974,0.4409700899278611,450.0,11.0,1.0,0.0,0.0,0,0.0
2027,Energy,persistence,6,0.0332774119464469,0.1224840370751802,0.1824209745244415,0.0419507466488087,0.0061791967044284,0.0,0.0,0.0,0.0,0.0,0.0,0,0.0
2027,Energy,numerical_only,6,0.0954053299604394,0.221635478840686,0.3088775323011361,0.0620726826974833,0.481025641025641,0.0,0.0,0.0,0.0,0.0,0.0,0,0.0
2027,Energy,raw_text_embedding,6,0.1559989094810679,0.2880769345261992,0.394966972645901,0.0834527819379565,0.4523076923076923,0.0,0.0,0.0,0.0,0.0,0.0,0,0.0
2027,Energy,event_no_verifier,6,0.1256172089101069,0.255642843820386,0.3544251809763337,0.0732178887852994,0.4738461538461538,0.4409700899278611,450.0,11.0,1.0,0.0,0.0,0,0.0
2027,Energy,event_with_verifier,6,0.1296761068388443,0.2582302794090554,0.3601056884288893,0.0734124574752164,0.5035897435897436,0.4409700899278611,450.0,11.0,1.0,0.0,0.0,0,0.0
2027,Energy,full_cents_feature,6,0.1296761068388443,0.2582302794090554,0.3601056884288893,0.0734124574752164,0.5035897435897436,0.4409700899278611,450.0,11.0,1.0,0.0,0.0,0,0.0
2027,Health_US,persistence,3,0.3913283359521287,0.3656680547570157,0.625562415712556,0.1566719526417956,0.0,0.0,0.0,0.0,0.0,0.0,0.0,0,0.0
2027,Health_US,numerical_only,3,1.4290993883603826,0.9292878946906268,1.1954494503576396,0.4802971458706866,0.6512820512820513,0.0,0.0,0.0,0.0,0.0,0.0,0,0.0
2027,Health_US,raw_text_embedding,3,4.601304830116166,1.6726974091666935,2.145065227473553,0.8888228870223375,0.6102564102564103,0.0,0.0,0.0,0.0,0.0,0.0,0,0.0
2027,Health_US,event_no_verifier,3,1.7792282990781405,0.9784841523553222,1.3338771679124508,0.4746867414945165,0.6333333333333333,0.4070482078339001,1199.0,11.0,1.0,0.0,0.0,0,0.0
2027,Health_US,event_with_verifier,3,1.5652184337794286,0.9744075340421532,1.251086900970284,0.5485684294221431,0.6435897435897436,0.4070482078339001,1199.0,11.0,1.0,0.0,0.0,0,0.0
2027,Health_US,full_cents_feature,3,1.5652184337794286,0.9744075340421532,1.251086900970284,0.5485684294221431,0.6435897435897436,0.4070482078339001,1199.0,11.0,1.0,0.0,0.0,0,0.0
2027,Health_US,persistence,6,0.8274768553500911,0.5513363832818401,0.9096575483939496,0.2510563589462203,0.0,0.0,0.0,0.0,0.0,0.0,0.0,0,0.0
2027,Health_US,numerical_only,6,3.2832966249875053,1.4447503277308391,1.8119869273776523,0.7985621719777897,0.6666666666666666,0.0,0.0,0.0,0.0,0.0,0.0,0,0.0
2027,Health_US,raw_text_embedding,6,12.706653489054808,2.8059221423739937,3.564639321033028,1.5902750244037192,0.602051282051282,0.0,0.0,0.0,0.0,0.0,0.0,0,0.0
2027,Health_US,event_no_verifier,6,4.090339201933002,1.4989594764000538,2.0224587021575995,0.7893236751160472,0.6564102564102564,0.4070482078339001,1199.0,11.0,1.0,0.0,0.0,0,0.0
2027,Health_US,event_with_verifier,6,3.876049886186188,1.519665274994245,1.9687686218004867,0.8962149704624458,0.6697435897435897,0.4070482078339001,1199.0,11.0,1.0,0.0,0.0,0,0.0
2027,Health_US,full_cents_feature,6,3.876049886186188,1.519665274994245,1.9687686218004867,0.8962149704624458,0.6697435897435897,0.4070482078339001,1199.0,11.0,1.0,0.0,0.0,0,0.0
2028,Energy,persistence,3,0.0135963165639972,0.0799613278576317,0.1166032442258673,0.0271465694600198,0.0061601642710472,0.0,0.0,0.0,0.0,0.0,0.0,0,0.0
2028,Energy,numerical_only,3,0.0286280118727645,0.1217485496803215,0.1691981438218651,0.0341240763158466,0.5,0.0,0.0,0.0,0.0,0.0,0.0,0,0.0
2028,Energy,raw_text_embedding,3,0.0504292610242572,0.1668937935641472,0.2245646032309127,0.0480158235430759,0.4641025641025641,0.0,0.0,0.0,0.0,0.0,0.0,0,0.0
2028,Energy,event_no_verifier,3,0.0399826541537227,0.1467203314584573,0.1999566306820624,0.0426322887196627,0.4846153846153846,0.4408844720484516,450.0,11.0,1.0,0.0,0.0,0,0.0
2028,Energy,event_with_verifier,3,0.0360336302759781,0.1344351331143645,0.1898252624809937,0.0384120237986299,0.4974358974358974,0.4408844720484516,450.0,11.0,1.0,0.0,0.0,0,0.0
2028,Energy,full_cents_feature,3,0.0360336302759781,0.1344351331143645,0.1898252624809937,0.0384120237986299,0.4974358974358974,0.4408844720484516,450.0,11.0,1.0,0.0,0.0,0,0.0
2028,Energy,persistence,6,0.0332774119464469,0.1224840370751802,0.1824209745244415,0.0419507466488087,0.0061791967044284,0.0,0.0,0.0,0.0,0.0,0.0,0,0.0
2028,Energy,numerical_only,6,0.0954053299604394,0.221635478840686,0.3088775323011361,0.0620726826974833,0.481025641025641,0.0,0.0,0.0,0.0,0.0,0.0,0,0.0
2028,Energy,raw_text_embedding,6,0.1559989094810679,0.2880769345261992,0.394966972645901,0.0834527819379565,0.4523076923076923,0.0,0.0,0.0,0.0,0.0,0.0,0,0.0
2028,Energy,event_no_verifier,6,0.125617455896354,0.2556431801969663,0.3544255294083004,0.0732179895861393,0.4738461538461538,0.4408844720484516,450.0,11.0,1.0,0.0,0.0,0,0.0
2028,Energy,event_with_verifier,6,0.1296790173507357,0.258233337315226,0.3601097295974322,0.0734134112250027,0.5035897435897436,0.4408844720484516,450.0,11.0,1.0,0.0,0.0,0,0.0
2028,Energy,full_cents_feature,6,0.1296790173507357,0.258233337315226,0.3601097295974322,0.0734134112250027,0.5035897435897436,0.4408844720484516,450.0,11.0,1.0,0.0,0.0,0,0.0
2028,Health_US,persistence,3,0.3913283359521287,0.3656680547570157,0.625562415712556,0.1566719526417956,0.0,0.0,0.0,0.0,0.0,0.0,0.0,0,0.0
2028,Health_US,numerical_only,3,1.4290993883603826,0.9292878946906268,1.1954494503576396,0.4802971458706866,0.6512820512820513,0.0,0.0,0.0,0.0,0.0,0.0,0,0.0
2028,Health_US,raw_text_embedding,3,4.601304830116166,1.6726974091666935,2.145065227473553,0.8888228870223375,0.6102564102564103,0.0,0.0,0.0,0.0,0.0,0.0,0,0.0
2028,Health_US,event_no_verifier,3,1.781282343295138,0.979097232891592,1.334646898357441,0.4749102284604931,0.6333333333333333,0.4122742918794612,1199.0,11.0,1.0,0.0,0.0,0,0.0
2028,Health_US,event_with_verifier,3,1.5667203233188385,0.9782394516413796,1.2516869909521464,0.5512391851298188,0.6487179487179487,0.4122742918794612,1199.0,11.0,1.0,0.0,0.0,0,0.0
2028,Health_US,full_cents_feature,3,1.5667203233188385,0.9782394516413796,1.2516869909521464,0.5512391851298188,0.6487179487179487,0.4122742918794612,1199.0,11.0,1.0,0.0,0.0,0,0.0
2028,Health_US,persistence,6,0.8274768553500911,0.5513363832818401,0.9096575483939496,0.2510563589462203,0.0,0.0,0.0,0.0,0.0,0.0,0.0,0,0.0
2028,Health_US,numerical_only,6,3.2832966249875053,1.4447503277308391,1.8119869273776523,0.7985621719777897,0.6666666666666666,0.0,0.0,0.0,0.0,0.0,0.0,0,0.0
2028,Health_US,raw_text_embedding,6,12.706653489054808,2.8059221423739937,3.564639321033028,1.5902750244037192,0.602051282051282,0.0,0.0,0.0,0.0,0.0,0.0,0,0.0
2028,Health_US,event_no_verifier,6,4.093069366681233,1.4992290517475526,2.0231335513705546,0.7893620807918956,0.6564102564102564,0.4122742918794612,1199.0,11.0,1.0,0.0,0.0,0,0.0
2028,Health_US,event_with_verifier,6,3.8268093673490906,1.5191990481238444,1.9562232406729787,0.8969946030229816,0.6779487179487179,0.4122742918794612,1199.0,11.0,1.0,0.0,0.0,0,0.0
2028,Health_US,full_cents_feature,6,3.8268093673490906,1.5191990481238444,1.9562232406729787,0.8969946030229816,0.6779487179487179,0.4122742918794612,1199.0,11.0,1.0,0.0,0.0,0,0.0
