seed,domain,method,source_model,horizon,subset,n_windows,mse,mae,rmse,mape,trend_f1
2026,Energy,strong_numerical_only,TimesNet,3,event_window,235,0.03011334812063859,0.1197268323695406,0.1735319801092542,0.036312280384837636,0.5553191489361702
2026,Energy,strong_numerical_only,TimesNet,3,high_volatility_window,77,0.06762811059404912,0.20485714194062468,0.26005405321595954,0.058837024003261074,0.5909090909090909
2026,Energy,strong_numerical_only,PatchTST,3,event_window,235,0.0436909683254558,0.1514672262448791,0.20902384630815643,0.046254025112331947,0.5106382978723404
2026,Energy,strong_numerical_only,PatchTST,3,high_volatility_window,77,0.09387637301906109,0.25627060421617515,0.30639251462635486,0.07493322364430326,0.5064935064935064
2026,Energy,strong_raw_text_fusion,TimesNet,3,event_window,235,0.045797226042423936,0.15210892410143048,0.21400286456593037,0.047040447252623636,0.4978723404255319
2026,Energy,strong_raw_text_fusion,TimesNet,3,high_volatility_window,77,0.10196926895258906,0.25870107778739104,0.31932627350813003,0.07525754077320239,0.5194805194805194
2026,Energy,strong_raw_text_fusion,PatchTST,3,event_window,235,0.04420412305027971,0.15019402182694022,0.21024776586275468,0.04594757578432517,0.5212765957446809
2026,Energy,strong_raw_text_fusion,PatchTST,3,high_volatility_window,77,0.09704263586825494,0.25670812811170307,0.3115166702894966,0.07508725690765335,0.525974025974026
2026,Energy,strong_event_no_verifier,TimesNet,3,event_window,235,0.04052321689799654,0.13881670025223536,0.20130379255740946,0.042318370969032765,0.4531914893617021
2026,Energy,strong_event_no_verifier,TimesNet,3,high_volatility_window,77,0.08905379211657649,0.23485058829897926,0.29841881997718656,0.06769851069239306,0.44805194805194803
2026,Energy,strong_event_no_verifier,PatchTST,3,event_window,235,0.043424853792589015,0.14869688301221698,0.20838630903346078,0.045463334930800285,0.5127659574468085
2026,Energy,strong_event_no_verifier,PatchTST,3,high_volatility_window,77,0.09539457370712309,0.254349397374438,0.30886011996877016,0.07433635892900178,0.525974025974026
2026,Energy,strong_event_with_verifier,TimesNet,3,event_window,235,0.033526474265681845,0.12374246661544691,0.18310236007676647,0.03758158400920694,0.4702127659574468
2026,Energy,strong_event_with_verifier,TimesNet,3,high_volatility_window,77,0.07385740647403202,0.21072209294224198,0.27176719168073254,0.06071288014349486,0.4805194805194805
2026,Energy,strong_event_with_verifier,PatchTST,3,event_window,235,0.043424853792589015,0.14869688301221698,0.20838630903346078,0.045463334930800285,0.5127659574468085
2026,Energy,strong_event_with_verifier,PatchTST,3,high_volatility_window,77,0.09539457370712309,0.254349397374438,0.30886011996877016,0.07433635892900178,0.525974025974026
2026,Energy,strong_numerical_only,TimesNet,6,event_window,235,0.06536419255951842,0.18114736443715737,0.25566421837933917,0.05528047734318728,0.5004255319148936
2026,Energy,strong_numerical_only,TimesNet,6,high_volatility_window,76,0.13169765777209874,0.29961283269681427,0.36290171916387876,0.08720069113922581,0.49736842105263157
2026,Energy,strong_numerical_only,PatchTST,6,event_window,235,0.06934711372697006,0.19044842238121845,0.26333840154252103,0.05849017856281002,0.465531914893617
2026,Energy,strong_numerical_only,PatchTST,6,high_volatility_window,76,0.14043041765589998,0.3124829870566987,0.3747404670647407,0.0921602620478934,0.5
2026,Energy,strong_raw_text_fusion,TimesNet,6,event_window,235,0.06503174294763997,0.18016853839793104,0.25501322112321934,0.05604933458614963,0.48851063829787233
2026,Energy,strong_raw_text_fusion,TimesNet,6,high_volatility_window,76,0.1292863036788731,0.28795996125330003,0.3595640466994345,0.0850451358016091,0.49736842105263157
2026,Energy,strong_raw_text_fusion,PatchTST,6,event_window,235,0.06872965276744916,0.19064840391172586,0.2621634085211915,0.058556133911575624,0.46297872340425533
2026,Energy,strong_raw_text_fusion,PatchTST,6,high_volatility_window,76,0.13852147853728122,0.3109855461016036,0.37218473710951827,0.09173448743485953,0.5157894736842106
2026,Energy,strong_event_no_verifier,TimesNet,6,event_window,235,0.06923681043706524,0.18699644279818162,0.26312888559993797,0.05774058994951382,0.4868085106382979
2026,Energy,strong_event_no_verifier,TimesNet,6,high_volatility_window,76,0.14188498057010038,0.30312520762284595,0.37667622777406645,0.08940635864223843,0.4789473684210526
2026,Energy,strong_event_no_verifier,PatchTST,6,event_window,235,0.06919445740026345,0.1909465805858585,0.2630483936469931,0.05860399894436833,0.46127659574468083
2026,Energy,strong_event_no_verifier,PatchTST,6,high_volatility_window,76,0.13950167431510901,0.31180531936779354,0.37349922933670027,0.09192551563648413,0.4921052631578947
2026,Energy,strong_event_with_verifier,TimesNet,6,event_window,235,0.06503095914048697,0.18061593424343894,0.25501168432149723,0.05589992030820333,0.49957446808510636
2026,Energy,strong_event_with_verifier,TimesNet,6,high_volatility_window,76,0.13242274665578063,0.2918568266588345,0.3638993633627031,0.08620765699779691,0.5078947368421053
2026,Energy,strong_event_with_verifier,PatchTST,6,event_window,235,0.06919445740026345,0.1909465805858585,0.2630483936469931,0.05860399894436833,0.46127659574468083
2026,Energy,strong_event_with_verifier,PatchTST,6,high_volatility_window,76,0.13950167431510901,0.31180531936779354,0.37349922933670027,0.09192551563648413,0.4921052631578947
2026,Health_US,strong_numerical_only,TimesNet,3,event_window,235,0.7632072077459444,0.5770366656864788,0.8736173119541213,0.2428954487504998,0.4851063829787234
2026,Health_US,strong_numerical_only,TimesNet,3,high_volatility_window,65,1.8296771857438097,1.0943711809622936,1.3526556050021785,0.3093733242041683,0.5076923076923077
2026,Health_US,strong_numerical_only,PatchTST,3,event_window,235,1.017705603563349,0.6651814530927239,1.0088139588464013,0.26617052850527156,0.5404255319148936
2026,Health_US,strong_numerical_only,PatchTST,3,high_volatility_window,65,2.647626200202974,1.3308071579688634,1.6271527894463305,0.3930842823012521,0.5769230769230769
2026,Health_US,strong_raw_text_fusion,TimesNet,3,event_window,235,1.26779540863691,0.7655371341299504,1.1259642128579888,0.3409498282215919,0.46808510638297873
2026,Health_US,strong_raw_text_fusion,TimesNet,3,high_volatility_window,65,2.7858359515588274,1.3596370935440063,1.6690823681169324,0.39729867569351685,0.45384615384615384
2026,Health_US,strong_raw_text_fusion,PatchTST,3,event_window,235,1.0075243570337633,0.6650330616227278,1.0037551280236447,0.26662655581259426,0.5319148936170213
2026,Health_US,strong_raw_text_fusion,PatchTST,3,high_volatility_window,65,2.607641697768912,1.3229428572532458,1.6148194009761314,0.38879291484585593,0.5538461538461539
2026,Health_US,strong_event_no_verifier,TimesNet,3,event_window,235,1.0932118330505467,0.6936622376983047,1.045567708496464,0.27242699006853477,0.5170212765957447
2026,Health_US,strong_event_no_verifier,TimesNet,3,high_volatility_window,65,2.622720673709642,1.3015065339895395,1.619481606474628,0.361334673443382,0.5692307692307692
2026,Health_US,strong_event_no_verifier,PatchTST,3,event_window,235,1.0030700867745999,0.6615506546717164,1.0015338670132927,0.2639537050033358,0.5319148936170213
2026,Health_US,strong_event_no_verifier,PatchTST,3,high_volatility_window,65,2.609936259902746,1.3244611975474236,1.6155297149550503,0.38965862701540527,0.5461538461538461
2026,Health_US,strong_event_with_verifier,TimesNet,3,event_window,235,1.0585290855260918,0.6796052212410785,1.0288484268958629,0.26861734211006016,0.5085106382978724
2026,Health_US,strong_event_with_verifier,TimesNet,3,high_volatility_window,65,2.572222083877471,1.2895673256654006,1.603814853366021,0.3648010109411243,0.5384615384615384
2026,Health_US,strong_event_with_verifier,PatchTST,3,event_window,235,1.0030700867745999,0.6615506546717164,1.0015338670132927,0.2639537050033358,0.5319148936170213
2026,Health_US,strong_event_with_verifier,PatchTST,3,high_volatility_window,65,2.609936259902746,1.3244611975474236,1.6155297149550503,0.38965862701540527,0.5461538461538461
2026,Health_US,strong_numerical_only,TimesNet,6,event_window,235,1.5003602857902272,0.8464178273441099,1.2248919486184189,0.3634148939354672,0.5097872340425532
2026,Health_US,strong_numerical_only,TimesNet,6,high_volatility_window,63,3.2792125881330096,1.456403964411014,1.8108596268438395,0.4414974241513487,0.5206349206349207
2026,Health_US,strong_numerical_only,PatchTST,6,event_window,235,1.509791853859311,0.8252106560882947,1.228735876362089,0.3297495973308498,0.4902127659574468
2026,Health_US,strong_numerical_only,PatchTST,6,high_volatility_window,63,3.8511028982077495,1.630285508733578,1.9624227113972539,0.534350449854039,0.5365079365079365
2026,Health_US,strong_raw_text_fusion,TimesNet,6,event_window,235,1.89189049820579,0.9510703969509043,1.3754601041854286,0.41965283892156124,0.5106382978723404
2026,Health_US,strong_raw_text_fusion,TimesNet,6,high_volatility_window,63,4.0171531423523525,1.651398524090096,2.0042836980707976,0.5104335406189052,0.5111111111111111
2026,Health_US,strong_raw_text_fusion,PatchTST,6,event_window,235,1.5005825290045265,0.8200921766724146,1.2249826647771496,0.3235630153265356,0.48340425531914893
2026,Health_US,strong_raw_text_fusion,PatchTST,6,high_volatility_window,63,3.816107522685906,1.6168162627194924,1.953485992446812,0.5242475843216713,0.5142857142857142
2026,Health_US,strong_event_no_verifier,TimesNet,6,event_window,235,1.6495615978796447,0.8877017435875345,1.2843525987358941,0.3710487417805193,0.4902127659574468
2026,Health_US,strong_event_no_verifier,TimesNet,6,high_volatility_window,63,3.8793363114426596,1.6148757035770114,1.9696030847464316,0.5026023113597455,0.47619047619047616
2026,Health_US,strong_event_no_verifier,PatchTST,6,event_window,235,1.5071722855886192,0.8223984932223111,1.2276694529019687,0.32651380617003856,0.4825531914893617
2026,Health_US,strong_event_no_verifier,PatchTST,6,high_volatility_window,63,3.849486934346534,1.625793521366422,1.9620109414441433,0.531707596941249,0.5174603174603175
2026,Health_US,strong_event_with_verifier,TimesNet,6,event_window,235,1.5719642382353562,0.8657183079009361,1.2537799799946385,0.367266372805978,0.5029787234042553
2026,Health_US,strong_event_with_verifier,TimesNet,6,high_volatility_window,63,3.659681432069435,1.5584325806173698,1.9130293860966785,0.4862018349001164,0.4984126984126984
2026,Health_US,strong_event_with_verifier,PatchTST,6,event_window,235,1.5071722855886192,0.8223984932223111,1.2276694529019687,0.32651380617003856,0.4825531914893617
2026,Health_US,strong_event_with_verifier,PatchTST,6,high_volatility_window,63,3.849486934346534,1.625793521366422,1.9620109414441433,0.531707596941249,0.5174603174603175
2026,Health_AFR,strong_numerical_only,TimesNet,3,event_window,235,0.001526811963929733,0.027681243242960132,0.039074441313085115,0.8950884588381885,0.49148936170212765
2026,Health_AFR,strong_numerical_only,TimesNet,3,high_volatility_window,14,0.006483591620012235,0.06723573546679247,0.08052075272879802,0.8131605044595558,0.6071428571428571
2026,Health_AFR,strong_numerical_only,PatchTST,3,event_window,235,0.0018051474004398401,0.030180744901101324,0.04248702626025785,0.8870096469480526,0.4765957446808511
2026,Health_AFR,strong_numerical_only,PatchTST,3,high_volatility_window,14,0.0070057998437975414,0.07036018167578038,0.0837006561730405,0.7965963846196248,0.6071428571428571
2026,Health_AFR,strong_raw_text_fusion,TimesNet,3,event_window,235,0.002894132521337555,0.038687192049234154,0.05379714231571743,1.2158399959495914,0.4702127659574468
2026,Health_AFR,strong_raw_text_fusion,TimesNet,3,high_volatility_window,14,0.008101335911707615,0.07630084002656597,0.09000742142572253,0.8409284142950262,0.42857142857142855
2026,Health_AFR,strong_raw_text_fusion,PatchTST,3,event_window,235,0.0016539879108593827,0.028629730647456244,0.04066925018806448,0.8585933088912338,0.48936170212765956
2026,Health_AFR,strong_raw_text_fusion,PatchTST,3,high_volatility_window,14,0.006797307414652317,0.06951386738745939,0.08244578469911192,0.8177994911060716,0.5714285714285714
2026,Health_AFR,strong_event_no_verifier,TimesNet,3,event_window,235,0.0026434084516840455,0.037020737088965715,0.051414088066249364,1.1814348886570416,0.48936170212765956
2026,Health_AFR,strong_event_no_verifier,TimesNet,3,high_volatility_window,14,0.00791841973575495,0.07357109772662322,0.08898550295275602,0.7014344945706935,0.5714285714285714
2026,Health_AFR,strong_event_no_verifier,PatchTST,3,event_window,235,0.001666346906621778,0.028769398634222912,0.04082091261377896,0.8574217496496226,0.4829787234042553
2026,Health_AFR,strong_event_no_verifier,PatchTST,3,high_volatility_window,14,0.0068392045879956025,0.06998305794383798,0.08269948360174689,0.8230817448183817,0.5357142857142857
2026,Health_AFR,strong_event_with_verifier,TimesNet,3,event_window,235,0.002583778653260227,0.03670073557968734,0.05083088286917931,1.270597764622584,0.5446808510638298
2026,Health_AFR,strong_event_with_verifier,TimesNet,3,high_volatility_window,14,0.007809094553541051,0.07377378935260433,0.08836908143429494,0.738681858296238,0.6071428571428571
2026,Health_AFR,strong_event_with_verifier,PatchTST,3,event_window,235,0.001666346906621778,0.028769398634222912,0.04082091261377896,0.8574217496496226,0.4829787234042553
2026,Health_AFR,strong_event_with_verifier,PatchTST,3,high_volatility_window,14,0.0068392045879956025,0.06998305794383798,0.08269948360174689,0.8230817448183817,0.5357142857142857
2026,Health_AFR,strong_numerical_only,TimesNet,6,event_window,235,0.0026169817146226093,0.0358507149968402,0.0511564435298488,1.2776167780411187,0.49617021276595746
2026,Health_AFR,strong_numerical_only,TimesNet,6,high_volatility_window,14,0.00690401547689235,0.069140538855988,0.08309040544426505,1.540631651924897,0.6142857142857143
2026,Health_AFR,strong_numerical_only,PatchTST,6,event_window,235,0.002554992249863874,0.03541738091215016,0.050546931161682546,1.1765330138982826,0.48425531914893616
2026,Health_AFR,strong_numerical_only,PatchTST,6,high_volatility_window,14,0.006787974252974928,0.06926146656873503,0.08238916344383482,1.4064151725375802,0.5571428571428572
2026,Health_AFR,strong_raw_text_fusion,TimesNet,6,event_window,235,0.00328826446605243,0.04114499774576554,0.05734339077916853,1.3452820363272724,0.48851063829787233
2026,Health_AFR,strong_raw_text_fusion,TimesNet,6,high_volatility_window,14,0.008333054193071263,0.07809832108406616,0.0912855639905416,1.5250049046495548,0.5428571428571428
2026,Health_AFR,strong_raw_text_fusion,PatchTST,6,event_window,235,0.002530980722041238,0.03526892764460798,0.050308853316700014,1.161012911746062,0.4927659574468085
2026,Health_AFR,strong_raw_text_fusion,PatchTST,6,high_volatility_window,14,0.006824233467909423,0.06961085977188002,0.08260891881576361,1.409147293065628,0.5428571428571428
2026,Health_AFR,strong_event_no_verifier,TimesNet,6,event_window,235,0.00298434570677723,0.03860284586516308,0.05462916534944708,1.2756722682402555,0.5191489361702127
2026,Health_AFR,strong_event_no_verifier,TimesNet,6,high_volatility_window,14,0.007298421777185596,0.07224982357694812,0.08543080110349895,1.34531518011451,0.6142857142857143
2026,Health_AFR,strong_event_no_verifier,PatchTST,6,event_window,235,0.0024986345256725498,0.034966150580423204,0.04998634339169599,1.1327721538304325,0.49531914893617024
2026,Health_AFR,strong_event_no_verifier,PatchTST,6,high_volatility_window,14,0.006731397536158024,0.06913818979436266,0.08204509452830208,1.3742839937797826,0.6142857142857143
2026,Health_AFR,strong_event_with_verifier,TimesNet,6,event_window,235,0.0029789327538072286,0.038335596045135714,0.05457960016166506,1.350220538830125,0.49957446808510636
2026,Health_AFR,strong_event_with_verifier,TimesNet,6,high_volatility_window,14,0.0069982858543378105,0.06938889704179019,0.0836557580465195,1.3268064733256186,0.6
2026,Health_AFR,strong_event_with_verifier,PatchTST,6,event_window,235,0.0024986345256725498,0.034966150580423204,0.04998634339169599,1.1327721538304325,0.49531914893617024
2026,Health_AFR,strong_event_with_verifier,PatchTST,6,high_volatility_window,14,0.006731397536158024,0.06913818979436266,0.08204509452830208,1.3742839937797826,0.6142857142857143
2027,Energy,strong_numerical_only,TimesNet,3,event_window,235,0.03225124336735958,0.12846835200668227,0.17958631174830553,0.039622883055118865,0.574468085106383
2027,Energy,strong_numerical_only,TimesNet,3,high_volatility_window,77,0.07106690015232846,0.21776913512836804,0.26658375823055774,0.06353932084608867,0.6363636363636364
2027,Energy,strong_numerical_only,PatchTST,3,event_window,235,0.05272184637164621,0.1659770500575397,0.22961238287959604,0.05046896563049847,0.4808510638297872
2027,Energy,strong_numerical_only,PatchTST,3,high_volatility_window,77,0.11186346437878114,0.27692089349160465,0.3344599593057159,0.08060161572268051,0.4675324675324675
2027,Energy,strong_raw_text_fusion,TimesNet,3,event_window,235,0.03725549669597032,0.13569172088136064,0.19301683008476314,0.04193309142783485,0.5361702127659574
2027,Energy,strong_raw_text_fusion,TimesNet,3,high_volatility_window,77,0.0799558691446874,0.22074212914421446,0.28276468864532467,0.06507931341785193,0.5909090909090909
2027,Energy,strong_raw_text_fusion,PatchTST,3,event_window,235,0.05358674379290024,0.16789943072812777,0.23148810723857982,0.05099538369357161,0.4978723404255319
2027,Energy,strong_raw_text_fusion,PatchTST,3,high_volatility_window,77,0.11328214984326937,0.27952046931047975,0.3365741372168536,0.0812830376173138,0.4935064935064935
2027,Energy,strong_event_no_verifier,TimesNet,3,event_window,235,0.03630378056906672,0.13290291119974557,0.1905355099950314,0.04116079586358962,0.474468085106383
2027,Energy,strong_event_no_verifier,TimesNet,3,high_volatility_window,77,0.08244419951616289,0.2280426722068291,0.2871309797220824,0.06642556543410086,0.42857142857142855
2027,Energy,strong_event_no_verifier,PatchTST,3,event_window,235,0.052904147950394206,0.16609117477498156,0.23000901710670868,0.05057592964913535,0.49361702127659574
2027,Energy,strong_event_no_verifier,PatchTST,3,high_volatility_window,77,0.11278362219019004,0.2772906930931719,0.3358327294803025,0.08080345783428912,0.4805194805194805
2027,Energy,strong_event_with_verifier,TimesNet,3,event_window,235,0.033577107063905,0.1268325558790924,0.18324057155527812,0.039119778927809185,0.5042553191489362
2027,Energy,strong_event_with_verifier,TimesNet,3,high_volatility_window,77,0.07690410986543432,0.2180013894002675,0.2773159026551386,0.06344863501519933,0.44155844155844154
2027,Energy,strong_event_with_verifier,PatchTST,3,event_window,235,0.052904147950394206,0.16609117477498156,0.23000901710670868,0.05057592964913535,0.49361702127659574
2027,Energy,strong_event_with_verifier,PatchTST,3,high_volatility_window,77,0.11278362219019004,0.2772906930931719,0.3358327294803025,0.08080345783428912,0.4805194805194805
2027,Energy,strong_numerical_only,TimesNet,6,event_window,235,0.06546383413634725,0.1835504416032886,0.25585901222420765,0.05654808267937909,0.48936170212765956
2027,Energy,strong_numerical_only,TimesNet,6,high_volatility_window,76,0.12607686502331303,0.29206971249036623,0.3550730418143752,0.08638538853997704,0.5184210526315789
2027,Energy,strong_numerical_only,PatchTST,6,event_window,235,0.06862043863755443,0.18743582575033743,0.2619550317087924,0.05772008917158957,0.5089361702127659
2027,Energy,strong_numerical_only,PatchTST,6,high_volatility_window,76,0.1417237850682181,0.31366363010908427,0.3764621960678364,0.09270686144869593,0.4868421052631579
2027,Energy,strong_raw_text_fusion,TimesNet,6,event_window,235,0.07770902399871894,0.19868650656219916,0.2787633835329148,0.06147334585361783,0.49531914893617024
2027,Energy,strong_raw_text_fusion,TimesNet,6,high_volatility_window,76,0.16021280121881526,0.323896304557198,0.400265913136274,0.09522013164794987,0.5078947368421053
2027,Energy,strong_raw_text_fusion,PatchTST,6,event_window,235,0.06850003295429093,0.18769433456109771,0.26172510952197714,0.05774199539486018,0.505531914893617
2027,Energy,strong_raw_text_fusion,PatchTST,6,high_volatility_window,76,0.14089125328394658,0.31354345407402306,0.37535483650000645,0.09262070498396789,0.49736842105263157
2027,Energy,strong_event_no_verifier,TimesNet,6,event_window,235,0.07345492856116145,0.1902962065757589,0.27102569723397346,0.059023272753157274,0.5046808510638298
2027,Energy,strong_event_no_verifier,TimesNet,6,high_volatility_window,76,0.15398097706309555,0.3110090849692361,0.39240409919252317,0.09181460224410876,0.5447368421052632
2027,Energy,strong_event_no_verifier,PatchTST,6,event_window,235,0.06856164654826816,0.1877958099892799,0.2618427897580305,0.05781984376207532,0.5046808510638298
2027,Energy,strong_event_no_verifier,PatchTST,6,high_volatility_window,76,0.14129071025789497,0.31371234644923296,0.3758865656789226,0.09270176558092633,0.48947368421052634
2027,Energy,strong_event_with_verifier,TimesNet,6,event_window,235,0.06896086040761792,0.18134390056556,0.26260399922243743,0.05640442563540698,0.5106382978723404
2027,Energy,strong_event_with_verifier,TimesNet,6,high_volatility_window,76,0.14195171504801352,0.2931299021369533,0.37676480070199436,0.0867096527859782,0.55
2027,Energy,strong_event_with_verifier,PatchTST,6,event_window,235,0.06856164654826816,0.1877958099892799,0.2618427897580305,0.05781984376207532,0.5046808510638298
2027,Energy,strong_event_with_verifier,PatchTST,6,high_volatility_window,76,0.14129071025789497,0.31371234644923296,0.3758865656789226,0.09270176558092633,0.48947368421052634
2027,Health_US,strong_numerical_only,TimesNet,3,event_window,235,0.9098814716070593,0.6241653489728346,0.9538770736353083,0.26030918292330185,0.5255319148936171
2027,Health_US,strong_numerical_only,TimesNet,3,high_volatility_window,65,2.1315552752587177,1.1574426987232307,1.4599846832274364,0.3189520085627029,0.5538461538461539
2027,Health_US,strong_numerical_only,PatchTST,3,event_window,235,1.0385504029582977,0.682320181359636,1.0190929314632193,0.27892156253391226,0.48936170212765956
2027,Health_US,strong_numerical_only,PatchTST,3,high_volatility_window,65,2.6373011935434603,1.3051957112092238,1.62397696829218,0.3889923209381826,0.5461538461538461
2027,Health_US,strong_raw_text_fusion,TimesNet,3,event_window,235,1.225008816101169,0.7531110104939617,1.1068011637603066,0.32711322285045463,0.4978723404255319
2027,Health_US,strong_raw_text_fusion,TimesNet,3,high_volatility_window,65,2.690515200133498,1.34545715038593,1.6402790006988135,0.3711370439850227,0.5538461538461539
2027,Health_US,strong_raw_text_fusion,PatchTST,3,event_window,235,1.0340755019152288,0.6746341344312573,1.0168950299392896,0.27196405413940367,0.4702127659574468
2027,Health_US,strong_raw_text_fusion,PatchTST,3,high_volatility_window,65,2.6340006195763785,1.2983615685731937,1.622960449171938,0.38396471729021553,0.5461538461538461
2027,Health_US,strong_event_no_verifier,TimesNet,3,event_window,235,0.9915365891616396,0.6694774111957414,0.9957593028245528,0.2855197045649374,0.46170212765957447
2027,Health_US,strong_event_no_verifier,TimesNet,3,high_volatility_window,65,2.2287763365264617,1.203961802445925,1.492908683251076,0.33858999033993636,0.5307692307692308
2027,Health_US,strong_event_no_verifier,PatchTST,3,event_window,235,1.04098983812588,0.6850016209250647,1.0202890953675237,0.2817849300585407,0.4787234042553192
2027,Health_US,strong_event_no_verifier,PatchTST,3,high_volatility_window,65,2.6388026503228,1.3074190910045917,1.6244391802473863,0.3908516841433427,0.5461538461538461
2027,Health_US,strong_event_with_verifier,TimesNet,3,event_window,235,1.026776630678909,0.6743209490539335,1.0132998720412971,0.2854082477543471,0.4765957446808511
2027,Health_US,strong_event_with_verifier,TimesNet,3,high_volatility_window,65,2.361774971987439,1.2284686021315745,1.5368067451659102,0.34694462859213543,0.5846153846153846
2027,Health_US,strong_event_with_verifier,PatchTST,3,event_window,235,1.04098983812588,0.6850016209250647,1.0202890953675237,0.2817849300585407,0.4787234042553192
2027,Health_US,strong_event_with_verifier,PatchTST,3,high_volatility_window,65,2.6388026503228,1.3074190910045917,1.6244391802473863,0.3908516841433427,0.5461538461538461
2027,Health_US,strong_numerical_only,TimesNet,6,event_window,235,1.293119756555294,0.7624003570130531,1.1371542360450908,0.31968164226773443,0.5319148936170213
2027,Health_US,strong_numerical_only,TimesNet,6,high_volatility_window,63,3.0408598393490887,1.3850719774210896,1.7438061358273427,0.43281704546356775,0.5714285714285714
2027,Health_US,strong_numerical_only,PatchTST,6,event_window,235,1.4820018508597432,0.8112031291562615,1.2173749836676222,0.3277697387038784,0.516595744680851
2027,Health_US,strong_numerical_only,PatchTST,6,high_volatility_window,63,3.8284144946157284,1.593368078981127,1.956633459443983,0.5461592630375731,0.5396825396825397
2027,Health_US,strong_raw_text_fusion,TimesNet,6,event_window,235,1.576813981576328,0.8616169430685382,1.2557125393880273,0.3647319950459126,0.5234042553191489
2027,Health_US,strong_raw_text_fusion,TimesNet,6,high_volatility_window,63,3.5125712148244292,1.5235672183137723,1.8741854803685865,0.4597804889997713,0.5492063492063493
2027,Health_US,strong_raw_text_fusion,PatchTST,6,event_window,235,1.4827117409131598,0.813415432060864,1.2176665146554535,0.32768359907519884,0.5148936170212766
2027,Health_US,strong_raw_text_fusion,PatchTST,6,high_volatility_window,63,3.801826467718454,1.5871074972329315,1.9498272917667487,0.5392523777236663,0.5365079365079365
2027,Health_US,strong_event_no_verifier,TimesNet,6,event_window,235,1.5079698639759245,0.8467520250919017,1.2279942442763827,0.35015867169139364,0.5089361702127659
2027,Health_US,strong_event_no_verifier,TimesNet,6,high_volatility_window,63,3.4241136117745516,1.5143775610381334,1.8504360598990044,0.4538217829710966,0.5206349206349207
2027,Health_US,strong_event_no_verifier,PatchTST,6,event_window,235,1.4830598666527235,0.813350902846519,1.2178094541646174,0.3286553359435738,0.5208510638297872
2027,Health_US,strong_event_no_verifier,PatchTST,6,high_volatility_window,63,3.817871872064711,1.5912520013473652,1.9539375302359876,0.5434164440267067,0.5238095238095238
2027,Health_US,strong_event_with_verifier,TimesNet,6,event_window,235,1.5209290979551426,0.8430268261449557,1.2332595420085517,0.34175584470571896,0.5157446808510638
2027,Health_US,strong_event_with_verifier,TimesNet,6,high_volatility_window,63,3.61028908662492,1.5567238035971525,1.900076073904653,0.4693166741943091,0.5174603174603175
2027,Health_US,strong_event_with_verifier,PatchTST,6,event_window,235,1.4830598666527235,0.813350902846519,1.2178094541646174,0.3286553359435738,0.5208510638297872
2027,Health_US,strong_event_with_verifier,PatchTST,6,high_volatility_window,63,3.817871872064711,1.5912520013473652,1.9539375302359876,0.5434164440267067,0.5238095238095238
2027,Health_AFR,strong_numerical_only,TimesNet,3,event_window,235,0.001828986119728733,0.030414355184605463,0.04276664728183322,0.9606065366247352,0.5063829787234042
2027,Health_AFR,strong_numerical_only,TimesNet,3,high_volatility_window,14,0.007204124562427346,0.06976817149136748,0.0848771144798605,0.7978629793659887,0.5357142857142857
2027,Health_AFR,strong_numerical_only,PatchTST,3,event_window,235,0.0017715049525672912,0.029046436999296994,0.042089249845623185,0.9213195458062883,0.4829787234042553
2027,Health_AFR,strong_numerical_only,PatchTST,3,high_volatility_window,14,0.006781031607445062,0.06920933501706236,0.0823470194205295,0.819494928668383,0.5
2027,Health_AFR,strong_raw_text_fusion,TimesNet,3,event_window,235,0.002717905631533808,0.037761913102899565,0.05213353653392227,1.210671079112772,0.4787234042553192
2027,Health_AFR,strong_raw_text_fusion,TimesNet,3,high_volatility_window,14,0.007593888981235565,0.07158001680814084,0.08714292272603419,0.7115023037244219,0.5714285714285714
2027,Health_AFR,strong_raw_text_fusion,PatchTST,3,event_window,235,0.0017707236132941838,0.029151849567903378,0.04207996688798821,0.9268955686122905,0.4808510638297872
2027,Health_AFR,strong_raw_text_fusion,PatchTST,3,high_volatility_window,14,0.006799201801312458,0.06934358383573237,0.08245727257987895,0.8212425951132354,0.4642857142857143
2027,Health_AFR,strong_event_no_verifier,TimesNet,3,event_window,235,0.0019492389880576635,0.03046282211629053,0.044150186727324986,0.8905182432798058,0.5297872340425532
2027,Health_AFR,strong_event_no_verifier,TimesNet,3,high_volatility_window,14,0.006957328570893069,0.06900305912962981,0.08341060226909448,0.7965028384084065,0.5714285714285714
2027,Health_AFR,strong_event_no_verifier,PatchTST,3,event_window,235,0.0017401864435664508,0.02870154480965055,0.041715541990563314,0.8935836291754997,0.4787234042553192
2027,Health_AFR,strong_event_no_verifier,PatchTST,3,high_volatility_window,14,0.006748078977481155,0.06894775666296482,0.0821466918231109,0.8048847565090371,0.42857142857142855
2027,Health_AFR,strong_event_with_verifier,TimesNet,3,event_window,235,0.0018170930495197666,0.03016653241794424,0.04262737441503718,0.9264640909876866,0.4851063829787234
2027,Health_AFR,strong_event_with_verifier,TimesNet,3,high_volatility_window,14,0.006464540441377928,0.06514474847132251,0.08040236589415717,0.7302691363962835,0.4642857142857143
2027,Health_AFR,strong_event_with_verifier,PatchTST,3,event_window,235,0.0017401864435664508,0.02870154480965055,0.041715541990563314,0.8935836291754997,0.4787234042553192
2027,Health_AFR,strong_event_with_verifier,PatchTST,3,high_volatility_window,14,0.006748078977481155,0.06894775666296482,0.0821466918231109,0.8048847565090371,0.42857142857142855
2027,Health_AFR,strong_numerical_only,TimesNet,6,event_window,235,0.00239811028647962,0.0338870842868449,0.04897050424979939,1.0215973925553323,0.4978723404255319
2027,Health_AFR,strong_numerical_only,TimesNet,6,high_volatility_window,14,0.006712772564068982,0.06844630537532448,0.08193151142307203,1.5009297178493983,0.5571428571428572
2027,Health_AFR,strong_numerical_only,PatchTST,6,event_window,235,0.0025442620348445273,0.035167864263916375,0.05044067837415083,1.1919902401334495,0.4748936170212766
2027,Health_AFR,strong_numerical_only,PatchTST,6,high_volatility_window,14,0.0072098791021374875,0.07219810803265621,0.08491100695514973,1.4650570425701122,0.5714285714285714
2027,Health_AFR,strong_raw_text_fusion,TimesNet,6,event_window,235,0.0033948396736950028,0.04203639402886496,0.05826525271287342,1.4280531496270945,0.4919148936170213
2027,Health_AFR,strong_raw_text_fusion,TimesNet,6,high_volatility_window,14,0.0073932808009232924,0.07326880799761663,0.08598418924967131,1.4090644120320337,0.5857142857142857
2027,Health_AFR,strong_raw_text_fusion,PatchTST,6,event_window,235,0.002632476701370448,0.03596694181765701,0.051307667081737875,1.24025250799968,0.48
2027,Health_AFR,strong_raw_text_fusion,PatchTST,6,high_volatility_window,14,0.007376680584486804,0.07309919091806348,0.08588760437040262,1.491931767143716,0.5428571428571428
2027,Health_AFR,strong_event_no_verifier,TimesNet,6,event_window,235,0.002884355382539936,0.03810980989769471,0.05370619501081729,1.2009357540047583,0.5004255319148936
2027,Health_AFR,strong_event_no_verifier,TimesNet,6,high_volatility_window,14,0.00794421696612795,0.07658545541510518,0.08913033695733429,1.5167721909047251,0.5857142857142857
2027,Health_AFR,strong_event_no_verifier,PatchTST,6,event_window,235,0.00260271635948488,0.035711410763534776,0.051016824278711036,1.225884630827309,0.48425531914893616
2027,Health_AFR,strong_event_no_verifier,PatchTST,6,high_volatility_window,14,0.007248476751894265,0.07232298801231775,0.08513798653887855,1.475386128266039,0.6
2027,Health_AFR,strong_event_with_verifier,TimesNet,6,event_window,235,0.0026096528094800976,0.036043910138269374,0.05108476102988148,1.2109805494058778,0.48425531914893616
2027,Health_AFR,strong_event_with_verifier,TimesNet,6,high_volatility_window,14,0.007282038679238563,0.07078969843929545,0.08533486203913711,1.3923269721744227,0.5428571428571428
2027,Health_AFR,strong_event_with_verifier,PatchTST,6,event_window,235,0.00260271635948488,0.035711410763534776,0.051016824278711036,1.225884630827309,0.48425531914893616
2027,Health_AFR,strong_event_with_verifier,PatchTST,6,high_volatility_window,14,0.007248476751894265,0.07232298801231775,0.08513798653887855,1.475386128266039,0.6
2028,Energy,strong_numerical_only,TimesNet,3,event_window,235,0.051470799840853516,0.16451346603691155,0.2268717695987174,0.05090601937850447,0.48723404255319147
2028,Energy,strong_numerical_only,TimesNet,3,high_volatility_window,77,0.11011796909822673,0.27070353815565895,0.33184027648588216,0.07920231797134732,0.4935064935064935
2028,Energy,strong_numerical_only,PatchTST,3,event_window,235,0.05121933622954906,0.1648584340481048,0.22631689338082797,0.050087817824227124,0.4808510638297872
2028,Energy,strong_numerical_only,PatchTST,3,high_volatility_window,77,0.1061684851901473,0.27339255448543665,0.32583505825823483,0.07939039358473632,0.44155844155844154
2028,Energy,strong_raw_text_fusion,TimesNet,3,event_window,235,0.056170741354702576,0.16730826459032425,0.2370036737156253,0.05149016206883195,0.4702127659574468
2028,Energy,strong_raw_text_fusion,TimesNet,3,high_volatility_window,77,0.12164813107260836,0.27679589816502165,0.34878092131395083,0.08004669369120535,0.4155844155844156
2028,Energy,strong_raw_text_fusion,PatchTST,3,event_window,235,0.05195151308013852,0.16638087296316809,0.2279287456205086,0.05055166566022625,0.4808510638297872
2028,Energy,strong_raw_text_fusion,PatchTST,3,high_volatility_window,77,0.10733315728794073,0.27501762016511067,0.32761739466631,0.07984562916547827,0.43506493506493504
2028,Energy,strong_event_no_verifier,TimesNet,3,event_window,235,0.03979743263607564,0.14440565701072097,0.1994929388125696,0.04447065412553297,0.5
2028,Energy,strong_event_no_verifier,TimesNet,3,high_volatility_window,77,0.08673416860575947,0.2411666628602263,0.29450665290576966,0.07082194894121228,0.538961038961039
2028,Energy,strong_event_no_verifier,PatchTST,3,event_window,235,0.05125809303145805,0.16432900175135187,0.22640250226412703,0.049985599649597305,0.48723404255319147
2028,Energy,strong_event_no_verifier,PatchTST,3,high_volatility_window,77,0.10628195207912342,0.2735444921435732,0.32600912882789557,0.07953007632159102,0.45454545454545453
2028,Energy,strong_event_with_verifier,TimesNet,3,event_window,235,0.040980826111078915,0.14418170688845589,0.2024372152324738,0.04411215749828326,0.5212765957446809
2028,Energy,strong_event_with_verifier,TimesNet,3,high_volatility_window,77,0.09135580968209239,0.24395554922359847,0.3022512360307107,0.07116307376544508,0.512987012987013
2028,Energy,strong_event_with_verifier,PatchTST,3,event_window,235,0.05125809303145805,0.16432900175135187,0.22640250226412703,0.049985599649597305,0.48723404255319147
2028,Energy,strong_event_with_verifier,PatchTST,3,high_volatility_window,77,0.10628195207912342,0.2735444921435732,0.32600912882789557,0.07953007632159102,0.45454545454545453
2028,Energy,strong_numerical_only,TimesNet,6,event_window,235,0.07854884379632114,0.20713172128014531,0.2802656664600949,0.06397758451119619,0.5004255319148936
2028,Energy,strong_numerical_only,TimesNet,6,high_volatility_window,76,0.15528485691465657,0.3272232862941006,0.394061996283144,0.09635569668472418,0.4763157894736842
2028,Energy,strong_numerical_only,PatchTST,6,event_window,235,0.0804984623773196,0.20507529272255323,0.283722509465357,0.06277835546028451,0.502127659574468
2028,Energy,strong_numerical_only,PatchTST,6,high_volatility_window,76,0.1646730722931415,0.33975368267611455,0.4057993005084428,0.09987313609886178,0.5026315789473684
2028,Energy,strong_raw_text_fusion,TimesNet,6,event_window,235,0.0860590869935053,0.2117965097123004,0.29335829116202816,0.06546800465452653,0.49361702127659574
2028,Energy,strong_raw_text_fusion,TimesNet,6,high_volatility_window,76,0.17471744252154398,0.3442992609843873,0.4179921560526513,0.10108408706227205,0.5026315789473684
2028,Energy,strong_raw_text_fusion,PatchTST,6,event_window,235,0.08023969534982335,0.20637808040524205,0.2832661210766712,0.06312690961889465,0.5080851063829788
2028,Energy,strong_raw_text_fusion,PatchTST,6,high_volatility_window,76,0.16259726141381503,0.33945743295184355,0.4032335073054012,0.09969762203519467,0.5078947368421053
2028,Energy,strong_event_no_verifier,TimesNet,6,event_window,235,0.06850042010987756,0.18597192011826427,0.2617258491434836,0.05742649583928544,0.48851063829787233
2028,Energy,strong_event_no_verifier,TimesNet,6,high_volatility_window,76,0.13710876369651134,0.30126356294280604,0.3702820056342346,0.08873798282141694,0.5236842105263158
2028,Energy,strong_event_no_verifier,PatchTST,6,event_window,235,0.08047668916905794,0.20678901976727423,0.283684136266126,0.06326840261269885,0.5029787234042553
2028,Energy,strong_event_no_verifier,PatchTST,6,high_volatility_window,76,0.16304297249597938,0.3400784231591643,0.4037858002654122,0.09989312310760125,0.5026315789473684
2028,Energy,strong_event_with_verifier,TimesNet,6,event_window,235,0.06775687513009908,0.1850922907497866,0.26030150812106156,0.05733531545326003,0.49617021276595746
2028,Energy,strong_event_with_verifier,TimesNet,6,high_volatility_window,76,0.1357502892235236,0.3004356878891326,0.36844306103321256,0.08890189632293387,0.5210526315789473
2028,Energy,strong_event_with_verifier,PatchTST,6,event_window,235,0.08047668916905794,0.20678901976727423,0.283684136266126,0.06326840261269885,0.5029787234042553
2028,Energy,strong_event_with_verifier,PatchTST,6,high_volatility_window,76,0.16304297249597938,0.3400784231591643,0.4037858002654122,0.09989312310760125,0.5026315789473684
2028,Health_US,strong_numerical_only,TimesNet,3,event_window,235,0.9551970951546708,0.6640365750231642,0.9773418517359578,0.2986015443392286,0.4851063829787234
2028,Health_US,strong_numerical_only,TimesNet,3,high_volatility_window,65,2.153062524970676,1.173697192240984,1.467331770585874,0.33604177784604056,0.5307692307692308
2028,Health_US,strong_numerical_only,PatchTST,3,event_window,235,1.1286254975070238,0.7033261312660596,1.0623678729644566,0.2771078362460218,0.49361702127659574
2028,Health_US,strong_numerical_only,PatchTST,3,high_volatility_window,65,2.8894076809527176,1.3924201133923653,1.6998257795882252,0.400506534284803,0.4846153846153846
2028,Health_US,strong_raw_text_fusion,TimesNet,3,event_window,235,1.3216592701248766,0.8136552416686471,1.1496344071594573,0.356556888689215,0.48936170212765956
2028,Health_US,strong_raw_text_fusion,TimesNet,3,high_volatility_window,65,2.827404823437303,1.3708823521931965,1.681488871041763,0.37602005452030673,0.4846153846153846
2028,Health_US,strong_raw_text_fusion,PatchTST,3,event_window,235,1.0973307338883642,0.699178463093778,1.0475355525653363,0.28161894087361644,0.48936170212765956
2028,Health_US,strong_raw_text_fusion,PatchTST,3,high_volatility_window,65,2.7895294207783308,1.3674900146631095,1.670188438703349,0.4015349550565912,0.47692307692307695
2028,Health_US,strong_event_no_verifier,TimesNet,3,event_window,235,1.0844643147347897,0.7074054809326821,1.0413761638979402,0.28782687858599376,0.4978723404255319
2028,Health_US,strong_event_no_verifier,TimesNet,3,high_volatility_window,65,2.7975242839456995,1.3536452210866488,1.6725801278102344,0.38881340039621365,0.5923076923076923
2028,Health_US,strong_event_no_verifier,PatchTST,3,event_window,235,1.0759736976484464,0.6911758307869553,1.037291520088951,0.2762820765519103,0.4787234042553192
2028,Health_US,strong_event_no_verifier,PatchTST,3,high_volatility_window,65,2.7557519044876164,1.358079417852255,1.6600457537331965,0.3955428203815324,0.45384615384615384
2028,Health_US,strong_event_with_verifier,TimesNet,3,event_window,235,1.0751145647196303,0.6931678780427216,1.0368773142082097,0.2817203471255324,0.5106382978723404
2028,Health_US,strong_event_with_verifier,TimesNet,3,high_volatility_window,65,2.815189280799292,1.3378738109882062,1.6778525801748174,0.39089010841505045,0.5846153846153846
2028,Health_US,strong_event_with_verifier,PatchTST,3,event_window,235,1.0759736976484464,0.6911758307869553,1.037291520088951,0.2762820765519103,0.4787234042553192
2028,Health_US,strong_event_with_verifier,PatchTST,3,high_volatility_window,65,2.7557519044876164,1.358079417852255,1.6600457537331965,0.3955428203815324,0.45384615384615384
2028,Health_US,strong_numerical_only,TimesNet,6,event_window,235,1.4168649747716833,0.8121482629302545,1.1903213745756578,0.34033923438899827,0.5072340425531915
2028,Health_US,strong_numerical_only,TimesNet,6,high_volatility_window,63,3.439604247020429,1.4923973818304677,1.8546170081772757,0.47258897985558557,0.5428571428571428
2028,Health_US,strong_numerical_only,PatchTST,6,event_window,235,1.735794554142236,0.9009022207547587,1.317495561336825,0.3606472400869606,0.4902127659574468
2028,Health_US,strong_numerical_only,PatchTST,6,high_volatility_window,63,4.333643628059932,1.7375260944719668,2.0817405285145245,0.5677368464497953,0.49523809523809526
2028,Health_US,strong_raw_text_fusion,TimesNet,6,event_window,235,1.7291761884993273,0.919611865831605,1.3149814403630673,0.38652511437648773,0.5217021276595745
2028,Health_US,strong_raw_text_fusion,TimesNet,6,high_volatility_window,63,3.8021704862663808,1.5787275074020264,1.9499155074685623,0.46787281731880653,0.5301587301587302
2028,Health_US,strong_raw_text_fusion,PatchTST,6,event_window,235,1.7386934323615801,0.8982181586695056,1.3185952496356037,0.3562621276055893,0.49361702127659574
2028,Health_US,strong_raw_text_fusion,PatchTST,6,high_volatility_window,63,4.3323292599092476,1.7334734020094391,2.0814248148586216,0.557991471663939,0.5047619047619047
2028,Health_US,strong_event_no_verifier,TimesNet,6,event_window,235,1.585493952028476,0.8720501037776893,1.2591639893312054,0.3591940999674548,0.5106382978723404
2028,Health_US,strong_event_no_verifier,TimesNet,6,high_volatility_window,63,3.866660217468058,1.6119845329769074,1.9663825206373398,0.5126513971410257,0.5015873015873016
2028,Health_US,strong_event_no_verifier,PatchTST,6,event_window,235,1.7406739118188053,0.9003852990079433,1.3193460167138888,0.3590427924930195,0.4927659574468085
2028,Health_US,strong_event_no_verifier,PatchTST,6,high_volatility_window,63,4.334733752749695,1.7352313427698045,2.0820023421575913,0.5631844276369732,0.49523809523809526
2028,Health_US,strong_event_with_verifier,TimesNet,6,event_window,235,1.6573079240102055,0.881969097658252,1.2873647206639638,0.3622474387755499,0.5089361702127659
2028,Health_US,strong_event_with_verifier,TimesNet,6,high_volatility_window,63,4.0666327380537375,1.6583360769445934,2.0165893826095926,0.5347680320106178,0.5174603174603175
2028,Health_US,strong_event_with_verifier,PatchTST,6,event_window,235,1.7406739118188053,0.9003852990079433,1.3193460167138888,0.3590427924930195,0.4927659574468085
2028,Health_US,strong_event_with_verifier,PatchTST,6,high_volatility_window,63,4.334733752749695,1.7352313427698045,2.0820023421575913,0.5631844276369732,0.49523809523809526
2028,Health_AFR,strong_numerical_only,TimesNet,3,event_window,235,0.0018759727156696714,0.030552491865695475,0.04331250068594137,1.0208638443961209,0.5127659574468085
2028,Health_AFR,strong_numerical_only,TimesNet,3,high_volatility_window,14,0.006348001305441894,0.06459628586612996,0.07967434534052911,0.7708867948438225,0.5357142857142857
2028,Health_AFR,strong_numerical_only,PatchTST,3,event_window,235,0.0019224996675781501,0.03129833800658742,0.043846318746026444,0.9918864522651134,0.48936170212765956
2028,Health_AFR,strong_numerical_only,PatchTST,3,high_volatility_window,14,0.006795006230014032,0.06882482421185289,0.08243182777310007,0.7750508447459514,0.6428571428571429
2028,Health_AFR,strong_raw_text_fusion,TimesNet,3,event_window,235,0.0025684795225373925,0.036123075571690574,0.050680168927672214,1.1425081772280152,0.4829787234042553
2028,Health_AFR,strong_raw_text_fusion,TimesNet,3,high_volatility_window,14,0.008363828757063603,0.07872965781106836,0.09145397070146054,0.8028198387565181,0.5
2028,Health_AFR,strong_raw_text_fusion,PatchTST,3,event_window,235,0.001953275966407708,0.031793127111522546,0.04419588178108576,1.0373924527538445,0.5042553191489362
2028,Health_AFR,strong_raw_text_fusion,PatchTST,3,high_volatility_window,14,0.0067810140452416005,0.06884692263390337,0.08234691278512875,0.7903848133737008,0.6428571428571429
2028,Health_AFR,strong_event_no_verifier,TimesNet,3,event_window,235,0.00205208768853232,0.031849573751092486,0.045299974487104516,1.0562016115575334,0.5255319148936171
2028,Health_AFR,strong_event_no_verifier,TimesNet,3,high_volatility_window,14,0.00660282343616824,0.0679424319061495,0.08125775923669222,0.6546184670371554,0.6428571428571429
2028,Health_AFR,strong_event_no_verifier,PatchTST,3,event_window,235,0.0019603511707310503,0.03180231343432997,0.04427585313385898,1.0367935605620648,0.48936170212765956
2028,Health_AFR,strong_event_no_verifier,PatchTST,3,high_volatility_window,14,0.006783842178580503,0.06895622513478711,0.08236408306161432,0.7877835872636232,0.5
2028,Health_AFR,strong_event_with_verifier,TimesNet,3,event_window,235,0.0022350441527004506,0.03320504481679634,0.04727625358148053,1.157416470077568,0.5
2028,Health_AFR,strong_event_with_verifier,TimesNet,3,high_volatility_window,14,0.007197806471894222,0.06993647496260348,0.08483988726945729,0.617972131883349,0.42857142857142855
2028,Health_AFR,strong_event_with_verifier,PatchTST,3,event_window,235,0.0019603511707310503,0.03180231343432997,0.04427585313385898,1.0367935605620648,0.48936170212765956
2028,Health_AFR,strong_event_with_verifier,PatchTST,3,high_volatility_window,14,0.006783842178580503,0.06895622513478711,0.08236408306161432,0.7877835872636232,0.5
2028,Health_AFR,strong_numerical_only,TimesNet,6,event_window,235,0.0025449341753168812,0.034810718553510644,0.050447340616893585,1.181817033758525,0.48
2028,Health_AFR,strong_numerical_only,TimesNet,6,high_volatility_window,14,0.006841237109046515,0.06723690141058926,0.08271177128466367,1.4641819008939774,0.6
2028,Health_AFR,strong_numerical_only,PatchTST,6,event_window,235,0.0027752922115598633,0.03734348476864398,0.05268104224063779,1.224163874683833,0.48595744680851066
2028,Health_AFR,strong_numerical_only,PatchTST,6,high_volatility_window,14,0.007175958776359554,0.07204496791209317,0.08471103101933983,1.4321792111057345,0.4857142857142857
2028,Health_AFR,strong_raw_text_fusion,TimesNet,6,event_window,235,0.0034141194297378787,0.041523651076242965,0.058430466622626576,1.3892771149510181,0.5080851063829788
2028,Health_AFR,strong_raw_text_fusion,TimesNet,6,high_volatility_window,14,0.008301639981682112,0.07701861709245436,0.09111333591567215,1.6054869080926242,0.4142857142857143
2028,Health_AFR,strong_raw_text_fusion,PatchTST,6,event_window,235,0.0027749512868699994,0.03729972417453132,0.05267780639766618,1.2185401973372658,0.48851063829787233
2028,Health_AFR,strong_raw_text_fusion,PatchTST,6,high_volatility_window,14,0.007178111723424189,0.07205576593211542,0.08472373766202827,1.4286812646827922,0.4714285714285714
2028,Health_AFR,strong_event_no_verifier,TimesNet,6,event_window,235,0.0032837526913247514,0.041209002159179206,0.05730403730388245,1.3781456661458336,0.4570212765957447
2028,Health_AFR,strong_event_no_verifier,TimesNet,6,high_volatility_window,14,0.007849605500845513,0.07586924316516767,0.08859799941785093,1.4654893968729967,0.5142857142857142
2028,Health_AFR,strong_event_no_verifier,PatchTST,6,event_window,235,0.002819305500280719,0.037814007166125777,0.05309713269359014,1.2626798063721614,0.4825531914893617
2028,Health_AFR,strong_event_no_verifier,PatchTST,6,high_volatility_window,14,0.0073334519335145395,0.07276341453793325,0.08563557633083659,1.4732838526992988,0.4714285714285714
2028,Health_AFR,strong_event_with_verifier,TimesNet,6,event_window,235,0.003277432619633588,0.041296429277219354,0.05724886566241805,1.4162896568157615,0.4570212765957447
2028,Health_AFR,strong_event_with_verifier,TimesNet,6,high_volatility_window,14,0.008334358159640528,0.07810455659914407,0.09129270594982125,1.4534514771632003,0.5285714285714286
2028,Health_AFR,strong_event_with_verifier,PatchTST,6,event_window,235,0.002819305500280719,0.037814007166125777,0.05309713269359014,1.2626798063721614,0.4825531914893617
2028,Health_AFR,strong_event_with_verifier,PatchTST,6,high_volatility_window,14,0.0073334519335145395,0.07276341453793325,0.08563557633083659,1.4732838526992988,0.4714285714285714
