"seed","domain","method","source_model","horizon","history_length","epochs","batch_size","learning_rate","mse","mae","rmse","mape","trend_f1","train_time_sec","torch_device","best_val_scaled_mse"
"2026","Energy","mmts_dlinear","DLinear","3","24","3","64","0.001","0.10335590883184617","0.24900404189495332","0.32149013800091314","0.07539133100646687","0.5148936170212766","0.059155941009521484","cpu","0.06005939841270447"
"2026","Energy","mmts_timesnet","TimesNet","3","24","3","64","0.001","0.03011334812063859","0.1197268323695406","0.1735319801092542","0.036312280384837636","0.5553191489361702","0.7287197113037109","cpu","0.019882187247276306"
"2026","Energy","mmts_dlinear","DLinear","6","24","3","64","0.001","0.11676208554454846","0.2572802841240633","0.3417046759184727","0.07864893361254201","0.5234042553191489","0.05440855026245117","cpu","0.06316862255334854"
"2026","Energy","mmts_timesnet","TimesNet","6","24","3","64","0.001","0.06536419255951842","0.18114736443715737","0.25566421837933917","0.05528047734318728","0.5004255319148936","0.7362957000732422","cpu","0.04064103588461876"
"2026","Health_US","mmts_dlinear","DLinear","3","24","3","64","0.001","1.70725701360974","0.8513664944797543","1.3066204550709208","0.3106773244234292","0.5872340425531914","0.04697680473327637","cpu","1.3650178909301758"
"2026","Health_US","mmts_timesnet","TimesNet","3","24","3","64","0.001","0.7632072077459444","0.5770366656864788","0.8736173119541213","0.2428954487504998","0.4851063829787234","0.6461179256439209","cpu","0.4365343451499939"
"2026","Health_US","mmts_dlinear","DLinear","6","24","3","64","0.001","1.9870587266363329","0.924353530136406","1.4096307057652842","0.34929446690149896","0.5821276595744681","0.06492781639099121","cpu","1.6189213991165161"
"2026","Health_US","mmts_timesnet","TimesNet","6","24","3","64","0.001","1.5003602857902272","0.8464178273441099","1.2248919486184189","0.3634148939354672","0.5097872340425532","0.6648709774017334","cpu","0.9911575317382812"
"2026","Health_AFR","mmts_dlinear","DLinear","3","24","3","64","0.001","0.003204147639051408","0.046005792934645684","0.0566051909196622","1.9319504424637142","0.5106382978723404","0.04319643974304199","cpu","0.14776793122291565"
"2026","Health_AFR","mmts_timesnet","TimesNet","3","24","3","64","0.001","0.001526811963929733","0.027681243242960132","0.039074441313085115","0.8950884588381885","0.49148936170212765","0.6905701160430908","cpu","0.1153118833899498"
"2026","Health_AFR","mmts_dlinear","DLinear","6","24","3","64","0.001","0.004514612352994114","0.05566200922864179","0.06719086510080156","2.4110382990402606","0.512340425531915","0.039173126220703125","cpu","0.15080563724040985"
"2026","Health_AFR","mmts_timesnet","TimesNet","6","24","3","64","0.001","0.0026169817907507357","0.035850715630932166","0.05115644427392052","1.277616799913941","0.49617021276595746","0.671029806137085","cpu","0.15911297500133514"
"2027","Energy","mmts_dlinear","DLinear","3","24","3","64","0.001","0.09106939787719981","0.22772602865881952","0.301777066519641","0.06863625330420874","0.548936170212766","0.05452990531921387","cpu","0.044392138719558716"
"2027","Energy","mmts_timesnet","TimesNet","3","24","3","64","0.001","0.03225124336735958","0.12846835200668227","0.17958631174830553","0.039622883055118865","0.574468085106383","0.6220765113830566","cpu","0.021065348759293556"
"2027","Energy","mmts_dlinear","DLinear","6","24","3","64","0.001","0.114956217339763","0.25707352212134826","0.3390519390001523","0.07837008361452155","0.5106382978723404","0.04324531555175781","cpu","0.059754010289907455"
"2027","Energy","mmts_timesnet","TimesNet","6","24","3","64","0.001","0.06546383413634725","0.1835504416032886","0.25585901222420765","0.05654808267937909","0.48936170212765956","0.6847760677337646","cpu","0.04107044264674187"
"2027","Health_US","mmts_dlinear","DLinear","3","24","3","64","0.001","1.664628959143593","0.8413653714437012","1.2902050066340593","0.3136732808951394","0.6787234042553192","0.05888080596923828","cpu","1.3491847515106201"
"2027","Health_US","mmts_timesnet","TimesNet","3","24","3","64","0.001","0.9098814716070593","0.6241653489728346","0.9538770736353083","0.26030918292330185","0.5255319148936171","0.6305079460144043","cpu","0.582206666469574"
"2027","Health_US","mmts_dlinear","DLinear","6","24","3","64","0.001","1.9998738340627673","0.929637803169007","1.414168955274711","0.35119526808225776","0.6017021276595744","0.05173850059509277","cpu","1.642177700996399"
"2027","Health_US","mmts_timesnet","TimesNet","6","24","3","64","0.001","1.293119756555294","0.7624003570130531","1.1371542360450908","0.31968164226773443","0.5319148936170213","0.6273138523101807","cpu","1.0020266771316528"
"2027","Health_AFR","mmts_dlinear","DLinear","3","24","3","64","0.001","0.003108464497156875","0.0461884026491605","0.055753605239095304","1.9919171487502374","0.5212765957446809","0.057692527770996094","cpu","0.13147321343421936"
"2027","Health_AFR","mmts_timesnet","TimesNet","3","24","3","64","0.001","0.001828986119728733","0.030414355184605463","0.04276664728183322","0.9606065366247352","0.5063829787234042","0.6449437141418457","cpu","0.14489313960075378"
"2027","Health_AFR","mmts_dlinear","DLinear","6","24","3","64","0.001","0.0043018029888620525","0.054640697167710736","0.06558813146341382","2.36292890043247","0.502127659574468","0.04133868217468262","cpu","0.15027479827404022"
"2027","Health_AFR","mmts_timesnet","TimesNet","6","24","3","64","0.001","0.002398110329415358","0.033887084434799694","0.04897050468818305","1.0215973709438355","0.4978723404255319","0.6162621974945068","cpu","0.1658409684896469"
"2028","Energy","mmts_dlinear","DLinear","3","24","3","64","0.001","0.09719276045989528","0.23861494098149294","0.31175753472834505","0.07140936358067523","0.5063829787234042","0.05333209037780762","cpu","0.049511294811964035"
"2028","Energy","mmts_timesnet","TimesNet","3","24","3","64","0.001","0.051470799840853516","0.16451346603691155","0.2268717695987174","0.05090601937850447","0.48723404255319147","0.6293668746948242","cpu","0.032736945897340775"
"2028","Energy","mmts_dlinear","DLinear","6","24","3","64","0.001","0.12479329548693784","0.2663561793929296","0.35326094531795876","0.07965236668509379","0.49446808510638296","0.07414937019348145","cpu","0.06096919625997543"
"2028","Energy","mmts_timesnet","TimesNet","6","24","3","64","0.001","0.07854884379632114","0.20713172128014531","0.2802656664600949","0.06397758451119619","0.5004255319148936","0.6516973972320557","cpu","0.056336916983127594"
"2028","Health_US","mmts_dlinear","DLinear","3","24","3","64","0.001","1.7217751768641354","0.8406029397714223","1.312164310162464","0.3000842455625951","0.6","0.044994354248046875","cpu","1.3699947595596313"
"2028","Health_US","mmts_timesnet","TimesNet","3","24","3","64","0.001","0.9551970951546708","0.6640365750231642","0.9773418517359578","0.2986015443392286","0.4851063829787234","0.6247479915618896","cpu","0.6151586174964905"
"2028","Health_US","mmts_dlinear","DLinear","6","24","3","64","0.001","2.0776218893188685","0.924603053948558","1.4413958128560207","0.33039321873788124","0.5531914893617021","0.05158567428588867","cpu","1.6609065532684326"
"2028","Health_US","mmts_timesnet","TimesNet","6","24","3","64","0.001","1.4168649747716833","0.8121482629302545","1.1903213745756578","0.34033923438899827","0.5072340425531915","0.6285624504089355","cpu","1.0811618566513062"
"2028","Health_AFR","mmts_dlinear","DLinear","3","24","3","64","0.001","0.0026407993083388897","0.04123292422443892","0.05138870798472063","1.7754820723346945","0.5148936170212766","0.05158352851867676","cpu","0.1399098038673401"
"2028","Health_AFR","mmts_timesnet","TimesNet","3","24","3","64","0.001","0.0018759727156696714","0.030552491865695475","0.04331250068594137","1.0208638443961209","0.5127659574468085","0.587989330291748","cpu","0.13747666776180267"
"2028","Health_AFR","mmts_dlinear","DLinear","6","24","3","64","0.001","0.0034574531997679193","0.04757644375356852","0.05880011224281735","2.1023892126863157","0.49617021276595746","0.039132118225097656","cpu","0.15630242228507996"
"2028","Health_AFR","mmts_timesnet","TimesNet","6","24","3","64","0.001","0.0025449342642033666","0.03481071917175031","0.05044734149787644","1.181817052325245","0.48","0.606175422668457","cpu","0.17079393565654755"
"2026","Energy","mmts_patchtst","PatchTST","3","24","3","64","0.001","0.0436909683254558","0.1514672262448791","0.20902384630815643","0.046254025112331947","0.5106382978723404","0.38422083854675293","cpu","0.030959229916334152"
"2026","Energy","mmts_itransformer","iTransformer","3","24","3","64","0.001","0.05229580383421063","0.16452520181101266","0.2286827580606169","0.0500524241083543","0.4595744680851064","0.25964903831481934","cpu","0.031108645722270012"
"2026","Energy","mmts_patchtst","PatchTST","6","24","3","64","0.001","0.06934711372697006","0.19044842238121845","0.26333840154252103","0.05849017856281002","0.465531914893617","0.39301466941833496","cpu","0.043549686670303345"
"2026","Energy","mmts_itransformer","iTransformer","6","24","3","64","0.001","0.0932993338060821","0.22426108739054795","0.3054493964735928","0.06842866938143984","0.5012765957446809","0.24129319190979004","cpu","0.05336781218647957"
"2026","Health_US","mmts_patchtst","PatchTST","3","24","3","64","0.001","1.017705603563349","0.6651814530927239","1.0088139588464013","0.26617052850527156","0.5404255319148936","0.39080023765563965","cpu","0.9922498464584351"
"2026","Health_US","mmts_itransformer","iTransformer","3","24","3","64","0.001","1.0900882843651534","0.6780911205508184","1.0440729305777223","0.2660600636181923","0.41914893617021276","0.26764941215515137","cpu","0.9837325811386108"
"2026","Health_US","mmts_patchtst","PatchTST","6","24","3","64","0.001","1.509791853859311","0.8252106560882947","1.228735876362089","0.3297495973308498","0.4902127659574468","0.4176945686340332","cpu","1.4509766101837158"
"2026","Health_US","mmts_itransformer","iTransformer","6","24","3","64","0.001","1.9046405616117132","0.9411446366327029","1.38008715725193","0.3911392524039491","0.5046808510638298","0.2656369209289551","cpu","1.780542254447937"
"2026","Health_AFR","mmts_patchtst","PatchTST","3","24","3","64","0.001","0.0018051474004398401","0.030180744901101324","0.04248702626025785","0.8870096469480526","0.4765957446808511","0.20876622200012207","cpu","0.11767645180225372"
"2026","Health_AFR","mmts_itransformer","iTransformer","3","24","3","64","0.001","0.0019279986547161222","0.031226689603959096","0.04390898148119724","1.0214618769768995","0.5063829787234042","0.18307852745056152","cpu","0.1406245082616806"
"2026","Health_AFR","mmts_patchtst","PatchTST","6","24","3","64","0.001","0.002554992264911498","0.03541738109180955","0.05054693131053059","1.1765330053176073","0.48425531914893616","0.2335829734802246","cpu","0.16806438565254211"
"2026","Health_AFR","mmts_itransformer","iTransformer","6","24","3","64","0.001","0.002982052409437937","0.038460434011864005","0.054608171636101654","1.3517353916369454","0.49106382978723406","0.14823698997497559","cpu","0.1797471046447754"
"2027","Energy","mmts_patchtst","PatchTST","3","24","3","64","0.001","0.05272184637164621","0.1659770500575397","0.22961238287959604","0.05046896563049847","0.4808510638297872","0.38048648834228516","cpu","0.03293183073401451"
"2027","Energy","mmts_itransformer","iTransformer","3","24","3","64","0.001","0.05419471639089035","0.16975330325728613","0.23279758673768583","0.051895941676856926","0.502127659574468","0.23964524269104004","cpu","0.03342558816075325"
"2027","Energy","mmts_patchtst","PatchTST","6","24","3","64","0.001","0.06862043863755443","0.18743582575033743","0.2619550317087924","0.05772008917158957","0.5089361702127659","0.40097951889038086","cpu","0.04625481739640236"
"2027","Energy","mmts_itransformer","iTransformer","6","24","3","64","0.001","0.09389596689852939","0.22569890910006585","0.306424488085612","0.0689267094888635","0.49446808510638296","0.24576830863952637","cpu","0.05430896580219269"
"2027","Health_US","mmts_patchtst","PatchTST","3","24","3","64","0.001","1.0385504029582977","0.682320181359636","1.0190929314632193","0.27892156253391226","0.48936170212765956","0.3762061595916748","cpu","0.9095622897148132"
"2027","Health_US","mmts_itransformer","iTransformer","3","24","3","64","0.001","1.1712665584866855","0.7129605736292846","1.0822506911463192","0.2811046497428998","0.5127659574468085","0.24911189079284668","cpu","0.9906725883483887"
"2027","Health_US","mmts_patchtst","PatchTST","6","24","3","64","0.001","1.4820018508597432","0.8112031291562615","1.2173749836676222","0.3277697387038784","0.516595744680851","0.40641236305236816","cpu","1.4060554504394531"
"2027","Health_US","mmts_itransformer","iTransformer","6","24","3","64","0.001","1.9189973363884356","0.9383046499803557","1.3852787937409696","0.38207613772231086","0.5242553191489362","0.2408919334411621","cpu","1.7644213438034058"
"2027","Health_AFR","mmts_patchtst","PatchTST","3","24","3","64","0.001","0.0017715049525672912","0.029046436999296994","0.042089249845623185","0.9213195458062883","0.4829787234042553","0.18648719787597656","cpu","0.12955845892429352"
"2027","Health_AFR","mmts_itransformer","iTransformer","3","24","3","64","0.001","0.0019990597414787587","0.03233386647279857","0.044710845904307815","1.0282376653391596","0.49148936170212765","0.17279624938964844","cpu","0.14100390672683716"
"2027","Health_AFR","mmts_patchtst","PatchTST","6","24","3","64","0.001","0.0025442621428896795","0.035167865172781525","0.0504406794451629","1.1919902779304308","0.4748936170212766","0.1743793487548828","cpu","0.16170744597911835"
"2027","Health_AFR","mmts_itransformer","iTransformer","6","24","3","64","0.001","0.0028415532557138495","0.03816452693517802","0.05330622154790048","1.2879483801539129","0.4868085106382979","0.16689443588256836","cpu","0.17835655808448792"
"2028","Energy","mmts_patchtst","PatchTST","3","24","3","64","0.001","0.05121933622954906","0.1648584340481048","0.22631689338082797","0.050087817824227124","0.4808510638297872","0.39760875701904297","cpu","0.03318675607442856"
"2028","Energy","mmts_itransformer","iTransformer","3","24","3","64","0.001","0.05529367031339732","0.16667713763866018","0.23514606165827512","0.05083079488187463","0.4765957446808511","0.23182463645935059","cpu","0.03268381953239441"
"2028","Energy","mmts_patchtst","PatchTST","6","24","3","64","0.001","0.0804984623773196","0.20507529272255323","0.283722509465357","0.06277835546028451","0.502127659574468","0.37021517753601074","cpu","0.052030421793460846"
"2028","Energy","mmts_itransformer","iTransformer","6","24","3","64","0.001","0.09843665862737411","0.22916110010011823","0.31374616910390174","0.07010131177706835","0.48851063829787233","0.2586085796356201","cpu","0.06187249720096588"
"2028","Health_US","mmts_patchtst","PatchTST","3","24","3","64","0.001","1.1286254975070238","0.7033261312660596","1.0623678729644566","0.2771078362460218","0.49361702127659574","0.37931227684020996","cpu","0.9708894491195679"
"2028","Health_US","mmts_itransformer","iTransformer","3","24","3","64","0.001","1.1619953546681936","0.7087973360474228","1.0779588835703307","0.2867741046893727","0.4425531914893617","0.2626357078552246","cpu","1.0467150211334229"
"2028","Health_US","mmts_patchtst","PatchTST","6","24","3","64","0.001","1.735794554142236","0.9009022207547587","1.317495561336825","0.3606472400869606","0.4902127659574468","0.39976072311401367","cpu","1.5833426713943481"
"2028","Health_US","mmts_itransformer","iTransformer","6","24","3","64","0.001","2.1669162980900194","1.004386552428523","1.472044937523994","0.4019725774479993","0.512340425531915","0.27158141136169434","cpu","1.9885245561599731"
"2028","Health_AFR","mmts_patchtst","PatchTST","3","24","3","64","0.001","0.0019224996675781501","0.03129833800658742","0.043846318746026444","0.9918864522651134","0.48936170212765956","0.20019173622131348","cpu","0.13920415937900543"
"2028","Health_AFR","mmts_itransformer","iTransformer","3","24","3","64","0.001","0.0021605854824501163","0.03327017266679793","0.046482098515989105","1.0893003996282005","0.5106382978723404","0.1621246337890625","cpu","0.14549028873443604"
"2028","Health_AFR","mmts_patchtst","PatchTST","6","24","3","64","0.001","0.00277529228463102","0.03734348544500874","0.052681042934162","1.2241638794992638","0.48595744680851066","0.20755767822265625","cpu","0.17857421934604645"
"2028","Health_AFR","mmts_itransformer","iTransformer","6","24","3","64","0.001","0.003257644873857106","0.040262278526400526","0.05707578185059847","1.3847529633617495","0.5114893617021277","0.16933226585388184","cpu","0.19136734306812286"
"2026","Energy","mmts_timemixer","TimeMixer","3","24","3","64","0.001","0.07340661507022747","0.20457095829307612","0.27093655174270503","0.06265065874019297","0.4957446808510638","0.7281146049499512","cpu","0.052993424236774445"
"2026","Energy","mmts_timemixer","TimeMixer","6","24","3","64","0.001","0.09811405758252503","0.22593785879459788","0.31323163566684165","0.0691818748865776","0.49617021276595746","0.67264723777771","cpu","0.05748148262500763"
"2026","Health_US","mmts_timemixer","TimeMixer","3","24","3","64","0.001","1.6170946107929411","0.8960062753224204","1.2716503492678093","0.3686289073368874","0.5085106382978724","0.7287461757659912","cpu","1.4129581451416016"
"2026","Health_US","mmts_timemixer","TimeMixer","6","24","3","64","0.001","2.394715407149772","1.1012183079060087","1.5474868035462441","0.5068491263313596","0.5089361702127659","0.7204322814941406","cpu","2.3473961353302"
"2026","Health_AFR","mmts_timemixer","TimeMixer","3","24","3","64","0.001","0.0024545406302062386","0.03515669118830974","0.04954332074262119","1.1855668276176434","0.5276595744680851","0.3120276927947998","cpu","0.16275924444198608"
"2026","Health_AFR","mmts_timemixer","TimeMixer","6","24","3","64","0.001","0.0036234914855491802","0.04384198129104437","0.06019544405973911","1.609084868454624","0.4902127659574468","0.3293802738189697","cpu","0.18074914813041687"
"2027","Energy","mmts_timemixer","TimeMixer","3","24","3","64","0.001","0.04918016185578524","0.15915766776876247","0.2217660069888648","0.048092671048343985","0.5255319148936171","0.6774153709411621","cpu","0.026288943365216255"
"2027","Energy","mmts_timemixer","TimeMixer","6","24","3","64","0.001","0.1297218650795931","0.2722685994831383","0.3601692172848661","0.08252685379522702","0.4817021276595745","0.6923747062683105","cpu","0.06654676795005798"
"2027","Health_US","mmts_timemixer","TimeMixer","3","24","3","64","0.001","1.0308274476096078","0.6909406842914879","1.015296728848078","0.2751762085871701","0.5595744680851064","0.7087831497192383","cpu","0.8335076570510864"
"2027","Health_US","mmts_timemixer","TimeMixer","6","24","3","64","0.001","3.033650881931821","1.2099444311984042","1.7417378912832495","0.48890258940347264","0.5012765957446809","0.7135858535766602","cpu","2.7811203002929688"
"2027","Health_AFR","mmts_timemixer","TimeMixer","3","24","3","64","0.001","0.0018715366465743032","0.030379699110152557","0.04326126034426532","0.9259430749537664","0.5276595744680851","0.3191845417022705","cpu","0.13296698033809662"
"2027","Health_AFR","mmts_timemixer","TimeMixer","6","24","3","64","0.001","0.004049537769037608","0.046749014788181754","0.06363597857374087","1.75238126730198","0.5046808510638298","0.3166050910949707","cpu","0.189107283949852"
"2028","Energy","mmts_timemixer","TimeMixer","3","24","3","64","0.001","0.06074733325969986","0.18097779886096926","0.24646974106307626","0.054896968741861604","0.4553191489361702","0.6694140434265137","cpu","0.03577078878879547"
"2028","Energy","mmts_timemixer","TimeMixer","6","24","3","64","0.001","0.08553646132886512","0.21427314222281707","0.2924661712555234","0.06574553044889969","0.4927659574468085","0.6516127586364746","cpu","0.05068780481815338"
"2028","Health_US","mmts_timemixer","TimeMixer","3","24","3","64","0.001","1.3585216198656793","0.7822170929705843","1.1655563563662117","0.3111082212236356","0.46808510638297873","0.7272491455078125","cpu","1.1798663139343262"
"2028","Health_US","mmts_timemixer","TimeMixer","6","24","3","64","0.001","1.9515339863207848","1.0043065955875614","1.396973151610576","0.4354771994721677","0.5097872340425532","0.6892402172088623","cpu","1.7403814792633057"
"2028","Health_AFR","mmts_timemixer","TimeMixer","3","24","3","64","0.001","0.0023657704078654156","0.03480261667063526","0.048639185929304114","1.157837131378401","0.44468085106382976","0.32198572158813477","cpu","0.16400016844272614"
"2028","Health_AFR","mmts_timemixer","TimeMixer","6","24","3","64","0.001","0.0031811200352304357","0.040806674106865594","0.056401418734198835","1.4030371275868598","0.5004255319148936","0.3020761013031006","cpu","0.1748586744070053"
