seed,domain,method,source_model,horizon,history_length,epochs,batch_size,learning_rate,mse,mae,rmse,mape,trend_f1,nmse,smape,relative_improvement_over_persistence,n_features,train_time_sec,torch_device,best_val_scaled_mse,rank_mse_in_domain_horizon
2026,Energy,persistence,persistence,3,24,0,0,0.0,0.017129153191489357,0.08654326241134752,0.13087839085001526,0.025897484759542542,0.00851063829787234,0.03331838426051729,0.025930829411744974,0.0,,,,,
2026,Energy,persistence,persistence,6,24,0,0,0.0,0.04111711631205674,0.13313758865248226,0.20277355920350348,0.040151102105979004,0.00851063829787234,0.07995704327643918,0.04009952685986463,0.0,,,,,
2026,Health_US,persistence,persistence,3,24,0,0,0.0,0.5554883279924936,0.4356567319148936,0.7453108935152455,0.1536404246136935,0.0,0.21396243981201718,0.14616462923565307,0.0,,,,,
2026,Health_US,persistence,persistence,6,24,0,0,0.0,1.1235170939061065,0.6420564851063829,1.0599608926305284,0.24873612181543595,0.0,0.43237304576434826,0.22296672941106174,0.0,,,,,
2026,Health_AFR,persistence,persistence,3,24,0,0,0.0,0.0009834025555348334,0.020141317339314534,0.03135924991983758,0.3788524193847773,0.01276595744680851,0.3012872446537146,0.3488978832959042,0.0,,,,,
2026,Health_AFR,persistence,persistence,6,24,0,0,0.0,0.0016243382623671522,0.026582376858311094,0.04030308006055061,0.5345405845636619,0.01276595744680851,0.4769571542444298,0.42805302695932396,0.0,,,,,
2027,Energy,persistence,persistence,3,24,0,0,0.0,0.017129153191489357,0.08654326241134752,0.13087839085001526,0.025897484759542542,0.00851063829787234,0.03331838426051729,0.025930829411744974,0.0,,,,,
2027,Energy,persistence,persistence,6,24,0,0,0.0,0.04111711631205674,0.13313758865248226,0.20277355920350348,0.040151102105979004,0.00851063829787234,0.07995704327643918,0.04009952685986463,0.0,,,,,
2027,Health_US,persistence,persistence,3,24,0,0,0.0,0.5554883279924936,0.4356567319148936,0.7453108935152455,0.1536404246136935,0.0,0.21396243981201718,0.14616462923565307,0.0,,,,,
2027,Health_US,persistence,persistence,6,24,0,0,0.0,1.1235170939061065,0.6420564851063829,1.0599608926305284,0.24873612181543595,0.0,0.43237304576434826,0.22296672941106174,0.0,,,,,
2027,Health_AFR,persistence,persistence,3,24,0,0,0.0,0.0009834025555348334,0.020141317339314534,0.03135924991983758,0.3788524193847773,0.01276595744680851,0.3012872446537146,0.3488978832959042,0.0,,,,,
2027,Health_AFR,persistence,persistence,6,24,0,0,0.0,0.0016243382623671522,0.026582376858311094,0.04030308006055061,0.5345405845636619,0.01276595744680851,0.4769571542444298,0.42805302695932396,0.0,,,,,
2028,Energy,persistence,persistence,3,24,0,0,0.0,0.017129153191489357,0.08654326241134752,0.13087839085001526,0.025897484759542542,0.00851063829787234,0.03331838426051729,0.025930829411744974,0.0,,,,,
2028,Energy,persistence,persistence,6,24,0,0,0.0,0.04111711631205674,0.13313758865248226,0.20277355920350348,0.040151102105979004,0.00851063829787234,0.07995704327643918,0.04009952685986463,0.0,,,,,
2028,Health_US,persistence,persistence,3,24,0,0,0.0,0.5554883279924936,0.4356567319148936,0.7453108935152455,0.1536404246136935,0.0,0.21396243981201718,0.14616462923565307,0.0,,,,,
2028,Health_US,persistence,persistence,6,24,0,0,0.0,1.1235170939061065,0.6420564851063829,1.0599608926305284,0.24873612181543595,0.0,0.43237304576434826,0.22296672941106174,0.0,,,,,
2028,Health_AFR,persistence,persistence,3,24,0,0,0.0,0.0009834025555348334,0.020141317339314534,0.03135924991983758,0.3788524193847773,0.01276595744680851,0.3012872446537146,0.3488978832959042,0.0,,,,,
2028,Health_AFR,persistence,persistence,6,24,0,0,0.0,0.0016243382623671522,0.026582376858311094,0.04030308006055061,0.5345405845636619,0.01276595744680851,0.4769571542444298,0.42805302695932396,0.0,,,,,
2026,Energy,strong_numerical_only,TimesNet,3,24,3,64,0.001,0.03011334812063859,0.1197268323695406,0.1735319801092542,0.036312280384837636,0.5553191489361702,0.05857429194585431,0.03640098124742508,-0.7580173277684532,9.0,0.7043464183807373,cpu,0.019882187247276306,1.0
2026,Energy,strong_numerical_only,PatchTST,3,24,3,64,0.001,0.0436909683254558,0.1514672262448791,0.20902384630815643,0.046254025112331947,0.5106382978723404,0.08498449006201211,0.04636533558368683,-1.5506788244011802,9.0,0.395916223526001,cpu,0.030959229916334152,12.0
2026,Energy,strong_raw_text_fusion,TimesNet,3,24,3,64,0.001,0.045797226042423936,0.15210892410143048,0.21400286456593037,0.047040447252623636,0.4978723404255319,0.08908142919786148,0.0470956526696682,-1.6736421544281799,25.0,0.6280527114868164,cpu,0.030555779114365578,14.0
2026,Energy,strong_raw_text_fusion,PatchTST,3,24,3,64,0.001,0.04420412305027971,0.15019402182694022,0.21024776586275468,0.04594757578432517,0.5212765957446809,0.08598264126541914,0.04586217179894447,-1.5806367983352843,25.0,0.6345477104187012,cpu,0.034742746502161026,13.0
2026,Energy,strong_event_no_verifier,TimesNet,3,24,3,64,0.001,0.04052321689799654,0.13881670025223536,0.20130379255740946,0.042318370969032765,0.4531914893617021,0.07882281065723258,0.042300425469875336,-1.3657454892825966,14.0,0.6799676418304443,cpu,0.022632747888565063,8.0
2026,Energy,strong_event_no_verifier,PatchTST,3,24,3,64,0.001,0.043424853792589015,0.14869688301221698,0.20838630903346078,0.045463334930800285,0.5127659574468085,0.08446686345082534,0.04535304009914398,-1.5351430574025524,14.0,0.5262985229492188,cpu,0.02952543832361698,10.0
2026,Energy,strong_event_with_verifier,TimesNet,3,24,3,64,0.001,0.033526474265681845,0.12374246661544691,0.18310236007676647,0.03758158400920694,0.4702127659574468,0.06521325638338137,0.03767841309309006,-0.9572756394250429,14.0,0.6370515823364258,cpu,0.020853696390986443,3.0
2026,Energy,strong_event_with_verifier,PatchTST,3,24,3,64,0.001,0.043424853792589015,0.14869688301221698,0.20838630903346078,0.045463334930800285,0.5127659574468085,0.08446686345082534,0.04535304009914398,-1.5351430574025524,14.0,0.4787147045135498,cpu,0.02952543832361698,10.0
2026,Energy,strong_numerical_only,TimesNet,6,24,3,64,0.001,0.06536419255951842,0.18114736443715737,0.25566421837933917,0.05528047734318728,0.5004255319148936,0.12710831833036473,0.055268652737140656,-0.589707606521806,9.0,0.6647703647613525,cpu,0.04064103588461876,3.0
2026,Energy,strong_numerical_only,PatchTST,6,24,3,64,0.001,0.06934711372697006,0.19044842238121845,0.26333840154252103,0.05849017856281002,0.465531914893617,0.13485357443792248,0.05846855044364929,-0.6865753230519102,9.0,0.37394046783447266,cpu,0.043549686670303345,16.0
2026,Energy,strong_raw_text_fusion,TimesNet,6,24,3,64,0.001,0.06503174294763997,0.18016853839793104,0.25501322112321934,0.05604933458614963,0.48851063829787233,0.1264618311721707,0.05605529993772507,-0.581622175399756,25.0,0.6561851501464844,cpu,0.049049317836761475,2.0
2026,Energy,strong_raw_text_fusion,PatchTST,6,24,3,64,0.001,0.06872965276744916,0.19064840391172586,0.2621634085211915,0.058556133911575624,0.46297872340425533,0.1336528493753756,0.05868786200881004,-0.671558196003537,25.0,0.6346118450164795,cpu,0.0423428900539875,11.0
2026,Energy,strong_event_no_verifier,TimesNet,6,24,3,64,0.001,0.06923681043706524,0.18699644279818162,0.26312888559993797,0.05774058994951382,0.4868085106382979,0.13463907678810694,0.05760209262371063,-0.6838926619171245,14.0,0.6833868026733398,cpu,0.044538725167512894,15.0
2026,Energy,strong_event_no_verifier,PatchTST,6,24,3,64,0.001,0.06919445740026345,0.1909465805858585,0.2630483936469931,0.05860399894436833,0.46127659574468083,0.13455671635384994,0.058710966259241104,-0.6828626033770179,14.0,0.49155759811401367,cpu,0.04526011273264885,13.0
2026,Energy,strong_event_with_verifier,TimesNet,6,24,3,64,0.001,0.06503095914048697,0.18061593424343894,0.25501168432149723,0.05589992030820333,0.49957446808510636,0.12646030696747676,0.05577956512570381,-0.5816031126049079,14.0,0.6139178276062012,cpu,0.04364979267120361,1.0
2026,Energy,strong_event_with_verifier,PatchTST,6,24,3,64,0.001,0.06919445740026345,0.1909465805858585,0.2630483936469931,0.05860399894436833,0.46127659574468083,0.13455671635384994,0.058710966259241104,-0.6828626033770179,14.0,0.47850561141967773,cpu,0.04526011273264885,13.0
2026,Health_US,strong_numerical_only,TimesNet,3,24,3,64,0.001,0.7632072077459444,0.5770366656864788,0.8736173119541213,0.2428954487504998,0.4851063829787234,0.29397139764367664,0.22077859938144684,-0.37393923379837024,10.0,0.633469820022583,cpu,0.4365343451499939,1.0
2026,Health_US,strong_numerical_only,PatchTST,3,24,3,64,0.001,1.017705603563349,0.6651814530927239,1.0088139588464013,0.26617052850527156,0.5404255319148936,0.3919988381044072,0.2574169933795929,-0.8320917871331067,10.0,0.4255411624908447,cpu,0.9922498464584351,8.0
2026,Health_US,strong_raw_text_fusion,TimesNet,3,24,3,64,0.001,1.26779540863691,0.7655371341299504,1.1259642128579888,0.3409498282215919,0.46808510638297873,0.48832818194150374,0.2902255356311798,-1.282307916745358,26.0,0.6350045204162598,cpu,0.8952708840370178,23.0
2026,Health_US,strong_raw_text_fusion,PatchTST,3,24,3,64,0.001,1.0075243570337633,0.6650330616227278,1.0037551280236447,0.26662655581259426,0.5319148936170213,0.38807723563304614,0.2624698281288147,-0.8137633254597892,26.0,0.641603946685791,cpu,0.8649004697799683,7.0
2026,Health_US,strong_event_no_verifier,TimesNet,3,24,3,64,0.001,1.0932118330505467,0.6936622376983047,1.045567708496464,0.27242699006853477,0.5170212765957447,0.4210822529200395,0.26645627617836,-0.9680194487638621,15.0,0.6481184959411621,cpu,0.6826691627502441,19.0
2026,Health_US,strong_event_no_verifier,PatchTST,3,24,3,64,0.001,1.0030700867745999,0.6615506546717164,1.0015338670132927,0.2639537050033358,0.5319148936170213,0.3863615442188675,0.25606781244277954,-0.8057446686587346,15.0,0.5072846412658691,cpu,0.8531669974327087,5.0
2026,Health_US,strong_event_with_verifier,TimesNet,3,24,3,64,0.001,1.0585290855260918,0.6796052212410785,1.0288484268958629,0.26861734211006016,0.5085106382978724,0.40772318652180817,0.261437326669693,-0.9055829478029931,15.0,0.6343505382537842,cpu,0.6607499122619629,14.0
2026,Health_US,strong_event_with_verifier,PatchTST,3,24,3,64,0.001,1.0030700867745999,0.6615506546717164,1.0015338670132927,0.2639537050033358,0.5319148936170213,0.3863615442188675,0.25606781244277954,-0.8057446686587346,15.0,0.5120656490325928,cpu,0.8531669974327087,5.0
2026,Health_US,strong_numerical_only,TimesNet,6,24,3,64,0.001,1.5003602857902272,0.8464178273441099,1.2248919486184189,0.3634148939354672,0.5097872340425532,0.5773969298555035,0.32703375816345215,-0.3354138481097412,10.0,0.6251935958862305,cpu,0.9911575317382812,7.0
2026,Health_US,strong_numerical_only,PatchTST,6,24,3,64,0.001,1.509791853859311,0.8252106560882947,1.228735876362089,0.3297495973308498,0.4902127659574468,0.5810265636830504,0.31720250844955444,-0.3438085295260187,10.0,0.4244272708892822,cpu,1.4509766101837158,12.0
2026,Health_US,strong_raw_text_fusion,TimesNet,6,24,3,64,0.001,1.89189049820579,0.9510703969509043,1.3754601041854286,0.41965283892156124,0.5106382978723404,0.7280729672949714,0.3587322235107422,-0.683900056765756,26.0,0.6125376224517822,cpu,1.4347052574157715,24.0
2026,Health_US,strong_raw_text_fusion,PatchTST,6,24,3,64,0.001,1.5005825290045265,0.8200921766724146,1.2249826647771496,0.3235630153265356,0.48340425531914893,0.5774824576789422,0.31811463832855225,-0.3356116583749385,26.0,0.6435954570770264,cpu,1.435544490814209,8.0
2026,Health_US,strong_event_no_verifier,TimesNet,6,24,3,64,0.001,1.6495615978796447,0.8877017435875345,1.2843525987358941,0.3710487417805193,0.4902127659574468,0.6348153915055124,0.3392041027545929,-0.4682122833971766,15.0,0.6076035499572754,cpu,1.2661921977996826,17.0
2026,Health_US,strong_event_no_verifier,PatchTST,6,24,3,64,0.001,1.5071722855886192,0.8223984932223111,1.2276694529019687,0.32651380617003856,0.4825531914893617,0.5800184520372215,0.3182237446308136,-0.34147695105258014,15.0,0.49712538719177246,cpu,1.4113208055496216,9.0
2026,Health_US,strong_event_with_verifier,TimesNet,6,24,3,64,0.001,1.5719642382353562,0.8657183079009361,1.2537799799946385,0.367266372805978,0.5029787234042553,0.6049529127076899,0.331877738237381,-0.39914581341183125,15.0,0.643395185470581,cpu,1.2039793729782104,14.0
2026,Health_US,strong_event_with_verifier,PatchTST,6,24,3,64,0.001,1.5071722855886192,0.8223984932223111,1.2276694529019687,0.32651380617003856,0.4825531914893617,0.5800184520372215,0.3182237446308136,-0.34147695105258014,15.0,0.46236276626586914,cpu,1.4113208055496216,9.0
2026,Health_AFR,strong_numerical_only,TimesNet,3,24,3,64,0.001,0.001526811963929733,0.027681243242960132,0.039074441313085115,0.8950884588381885,0.49148936170212765,0.4677727812290003,0.46167317032814026,-0.5525808381689236,1.0,0.6568667888641357,cpu,0.1153118833899498,1.0
2026,Health_AFR,strong_numerical_only,PatchTST,3,24,3,64,0.001,0.0018051474004398401,0.030180744901101324,0.04248702626025785,0.8870096469480526,0.4765957446808511,0.5530470286980964,0.48215535283088684,-0.8356139002080308,1.0,0.2283306121826172,cpu,0.11767645180225372,9.0
2026,Health_AFR,strong_raw_text_fusion,TimesNet,3,24,3,64,0.001,0.002894132521337555,0.038687192049234154,0.05379714231571743,1.2158399959495914,0.4702127659574468,0.8866818250932121,0.577501654624939,-1.9429784426008043,17.0,0.660956621170044,cpu,0.17475526034832,24.0
2026,Health_AFR,strong_raw_text_fusion,PatchTST,3,24,3,64,0.001,0.0016539879108593827,0.028629730647456244,0.04066925018806448,0.8585933088912338,0.48936170212765956,0.5067359592798187,0.4599275290966034,-0.6819032059153484,17.0,0.5184531211853027,cpu,0.11611660569906235,2.0
2026,Health_AFR,strong_event_no_verifier,TimesNet,3,24,3,64,0.001,0.0026434084516840455,0.037020737088965715,0.051414088066249364,1.1814348886570416,0.48936170212765956,0.8098669335717875,0.5599068403244019,-1.6880227601670215,6.0,0.6592354774475098,cpu,0.1676204651594162,22.0
2026,Health_AFR,strong_event_no_verifier,PatchTST,3,24,3,64,0.001,0.001666346906621778,0.028769398634222912,0.04082091261377896,0.8574217496496226,0.4829787234042553,0.5105224123320292,0.4617319107055664,-0.6944707914812348,6.0,0.33699655532836914,cpu,0.11727787554264069,3.0
2026,Health_AFR,strong_event_with_verifier,TimesNet,3,24,3,64,0.001,0.002583778653260227,0.03670073557968734,0.05083088286917931,1.270597764622584,0.5446808510638298,0.7915980194475869,0.5501490831375122,-1.6273865557071008,6.0,0.651064395904541,cpu,0.16610367596149445,21.0
2026,Health_AFR,strong_event_with_verifier,PatchTST,3,24,3,64,0.001,0.001666346906621778,0.028769398634222912,0.04082091261377896,0.8574217496496226,0.4829787234042553,0.5105224123320292,0.4617319107055664,-0.6944707914812348,6.0,0.34691643714904785,cpu,0.11727787554264069,3.0
2026,Health_AFR,strong_numerical_only,TimesNet,6,24,3,64,0.001,0.0026169817146226093,0.0358507149968402,0.0511564435298488,1.2776167780411187,0.49617021276595746,0.7684287330345477,0.5320506691932678,-0.6111063657448267,1.0,0.6393272876739502,cpu,0.15911297500133514,11.0
2026,Health_AFR,strong_numerical_only,PatchTST,6,24,3,64,0.001,0.002554992249863874,0.03541738091215016,0.050546931161682546,1.1765330138982826,0.48425531914893616,0.7502266624584014,0.5312229990959167,-0.572943461998166,1.0,0.2216033935546875,cpu,0.16806438565254211,7.0
2026,Health_AFR,strong_raw_text_fusion,TimesNet,6,24,3,64,0.001,0.00328826446605243,0.04114499774576554,0.05734339077916853,1.3452820363272724,0.48851063829787233,0.9655386139736851,0.5997210144996643,-1.0243717347767416,17.0,0.6704699993133545,cpu,0.1899939924478531,22.0
2026,Health_AFR,strong_raw_text_fusion,PatchTST,6,24,3,64,0.001,0.002530980722041238,0.03526892764460798,0.050308853316700014,1.161012911746062,0.4927659574468085,0.7431761172444726,0.5294020771980286,-0.5581611174712054,17.0,0.5276930332183838,cpu,0.16068294644355774,4.0
2026,Health_AFR,strong_event_no_verifier,TimesNet,6,24,3,64,0.001,0.00298434570677723,0.03860284586516308,0.05462916534944708,1.2756722682402555,0.5191489361702127,0.8762984386104606,0.5641154050827026,-0.8372686132678642,6.0,0.6272590160369873,cpu,0.18522785604000092,19.0
2026,Health_AFR,strong_event_no_verifier,PatchTST,6,24,3,64,0.001,0.0024986345256725498,0.034966150580423204,0.04998634339169599,1.1327721538304325,0.49531914893617024,0.7336782493170071,0.5284143090248108,-0.538247656637284,6.0,0.3441457748413086,cpu,0.16805189847946167,2.0
2026,Health_AFR,strong_event_with_verifier,TimesNet,6,24,3,64,0.001,0.0029789327538072286,0.038335596045135714,0.05457960016166506,1.350220538830125,0.49957446808510636,0.874709024145135,0.5601173639297485,-0.8339362082538291,6.0,0.6350243091583252,cpu,0.19193902611732483,18.0
2026,Health_AFR,strong_event_with_verifier,PatchTST,6,24,3,64,0.001,0.0024986345256725498,0.034966150580423204,0.04998634339169599,1.1327721538304325,0.49531914893617024,0.7336782493170071,0.5284143090248108,-0.538247656637284,6.0,0.3425633907318115,cpu,0.16805189847946167,2.0
2027,Energy,strong_numerical_only,TimesNet,3,24,3,64,0.001,0.03225124336735958,0.12846835200668227,0.17958631174830553,0.039622883055118865,0.574468085106383,0.06273277010077141,0.03959168866276741,-0.8828276568501736,9.0,0.674232006072998,cpu,0.021065348759293556,2.0
2027,Energy,strong_numerical_only,PatchTST,3,24,3,64,0.001,0.05272184637164621,0.1659770500575397,0.22961238287959604,0.05046896563049847,0.4808510638297872,0.10255069641959816,0.050707943737506866,-2.0779015040767534,9.0,0.3966684341430664,cpu,0.03293183073401451,20.0
2027,Energy,strong_raw_text_fusion,TimesNet,3,24,3,64,0.001,0.03725549669597032,0.13569172088136064,0.19301683008476314,0.04193309142783485,0.5361702127659574,0.07246667927177337,0.04168618470430374,-1.174975976890718,25.0,0.7099919319152832,cpu,0.026834040880203247,6.0
2027,Energy,strong_raw_text_fusion,PatchTST,3,24,3,64,0.001,0.05358674379290024,0.16789943072812777,0.23148810723857982,0.05099538369357161,0.4978723404255319,0.10423303190261371,0.05127184838056564,-2.128394217381679,25.0,0.6212000846862793,cpu,0.0307266004383564,23.0
2027,Energy,strong_event_no_verifier,TimesNet,3,24,3,64,0.001,0.03630378056906672,0.13290291119974557,0.1905355099950314,0.04116079586358962,0.474468085106383,0.07061547036456378,0.0410585030913353,-1.1194147873640539,14.0,0.6511940956115723,cpu,0.02595336362719536,5.0
2027,Energy,strong_event_no_verifier,PatchTST,3,24,3,64,0.001,0.052904147950394206,0.16609117477498156,0.23000901710670868,0.05057592964913535,0.49361702127659574,0.10290529617559331,0.05070819333195686,-2.088544270634447,14.0,0.49641990661621094,cpu,0.0325341671705246,21.0
2027,Energy,strong_event_with_verifier,TimesNet,3,24,3,64,0.001,0.033577107063905,0.1268325558790924,0.18324057155527812,0.039119778927809185,0.5042553191489362,0.06531174361546455,0.03898295387625694,-0.9602315822937373,14.0,0.6214179992675781,cpu,0.02316979505121708,4.0
2027,Energy,strong_event_with_verifier,PatchTST,3,24,3,64,0.001,0.052904147950394206,0.16609117477498156,0.23000901710670868,0.05057592964913535,0.49361702127659574,0.10290529617559331,0.05070819333195686,-2.088544270634447,14.0,0.47254514694213867,cpu,0.0325341671705246,21.0
2027,Energy,strong_numerical_only,TimesNet,6,24,3,64,0.001,0.06546383413634725,0.1835504416032886,0.25585901222420765,0.05654808267937909,0.48936170212765956,0.1273020830319629,0.05653425306081772,-0.5921309665666253,9.0,0.6695070266723633,cpu,0.04107044264674187,4.0
2027,Energy,strong_numerical_only,PatchTST,6,24,3,64,0.001,0.06862043863755443,0.18743582575033743,0.2619550317087924,0.05772008917158957,0.5089361702127659,0.13344046972460286,0.05768846720457077,-0.6689020240807335,9.0,0.3825833797454834,cpu,0.04625481739640236,10.0
2027,Energy,strong_raw_text_fusion,TimesNet,6,24,3,64,0.001,0.07770902399871894,0.19868650656219916,0.2787633835329148,0.06147334585361783,0.49531914893617024,0.1511142870858083,0.06132816895842552,-0.8899434339935068,25.0,0.6475346088409424,cpu,0.049921922385692596,18.0
2027,Energy,strong_raw_text_fusion,PatchTST,6,24,3,64,0.001,0.06850003295429093,0.18769433456109771,0.26172510952197714,0.05774199539486018,0.505531914893617,0.13320632678918592,0.05775359645485878,-0.6659736649431497,25.0,0.6432094573974609,cpu,0.046363264322280884,6.0
2027,Energy,strong_event_no_verifier,TimesNet,6,24,3,64,0.001,0.07345492856116145,0.1902962065757589,0.27102569723397346,0.059023272753157274,0.5046808510638298,0.14284170088974324,0.05854709818959236,-0.7864805499412498,14.0,0.64375901222229,cpu,0.04246198385953903,17.0
2027,Energy,strong_event_no_verifier,PatchTST,6,24,3,64,0.001,0.06856164654826816,0.1877958099892799,0.2618427897580305,0.05781984376207532,0.5046808510638298,0.13332614162985124,0.05781912803649902,-0.6674721550977029,14.0,0.5083827972412109,cpu,0.04624024033546448,8.0
2027,Energy,strong_event_with_verifier,TimesNet,6,24,3,64,0.001,0.06896086040761792,0.18134390056556,0.26260399922243743,0.05640442563540698,0.5106382978723404,0.13410245967692141,0.05591990053653717,-0.6771813442421931,14.0,0.68357253074646,cpu,0.0407695397734642,12.0
2027,Energy,strong_event_with_verifier,PatchTST,6,24,3,64,0.001,0.06856164654826816,0.1877958099892799,0.2618427897580305,0.05781984376207532,0.5046808510638298,0.13332614162985124,0.05781912803649902,-0.6674721550977029,14.0,0.4840354919433594,cpu,0.04624024033546448,8.0
2027,Health_US,strong_numerical_only,TimesNet,3,24,3,64,0.001,0.9098814716070593,0.6241653489728346,0.9538770736353083,0.26030918292330185,0.5255319148936171,0.3504672455706821,0.23534265160560608,-0.6379848608076509,10.0,0.6102595329284668,cpu,0.582206666469574,2.0
2027,Health_US,strong_numerical_only,PatchTST,3,24,3,64,0.001,1.0385504029582977,0.682320181359636,1.0190929314632193,0.27892156253391226,0.48936170212765956,0.40002781732465453,0.26175516843795776,-0.8696169669515212,10.0,0.40537476539611816,cpu,0.9095622897148132,11.0
2027,Health_US,strong_raw_text_fusion,TimesNet,3,24,3,64,0.001,1.225008816101169,0.7531110104939617,1.1068011637603066,0.32711322285045463,0.4978723404255319,0.4718476845346589,0.28183794021606445,-1.2052827293928716,26.0,0.6491823196411133,cpu,0.8772343993186951,22.0
2027,Health_US,strong_raw_text_fusion,PatchTST,3,24,3,64,0.001,1.0340755019152288,0.6746341344312573,1.0168950299392896,0.27196405413940367,0.4702127659574468,0.3983041793655303,0.25957372784614563,-0.8615611702451512,26.0,0.6338071823120117,cpu,0.9272711873054504,10.0
2027,Health_US,strong_event_no_verifier,TimesNet,3,24,3,64,0.001,0.9915365891616396,0.6694774111957414,0.9957593028245528,0.2855197045649374,0.46170212765957447,0.38191908301227656,0.26682108640670776,-0.78498186045601,15.0,0.6334853172302246,cpu,0.631672203540802,4.0
2027,Health_US,strong_event_no_verifier,PatchTST,3,24,3,64,0.001,1.04098983812588,0.6850016209250647,1.0202890953675237,0.2817849300585407,0.4787234042553192,0.40096743655046513,0.2627468407154083,-0.8740084816686681,15.0,0.5176448822021484,cpu,1.0412120819091797,12.0
2027,Health_US,strong_event_with_verifier,TimesNet,3,24,3,64,0.001,1.026776630678909,0.6743209490539335,1.0132998720412971,0.2854082477543471,0.4765957446808511,0.39549280735962494,0.26692941784858704,-0.8484216120069116,15.0,0.6337466239929199,cpu,0.6192682385444641,9.0
2027,Health_US,strong_event_with_verifier,PatchTST,3,24,3,64,0.001,1.04098983812588,0.6850016209250647,1.0202890953675237,0.2817849300585407,0.4787234042553192,0.40096743655046513,0.2627468407154083,-0.8740084816686681,15.0,0.4604518413543701,cpu,1.0412120819091797,12.0
2027,Health_US,strong_numerical_only,TimesNet,6,24,3,64,0.001,1.293119756555294,0.7624003570130531,1.1371542360450908,0.31968164226773443,0.5319148936170213,0.49764272251266106,0.3015511929988861,-0.15095690450025445,10.0,0.6620199680328369,cpu,1.0020266771316528,1.0
2027,Health_US,strong_numerical_only,PatchTST,6,24,3,64,0.001,1.4820018508597432,0.8112031291562615,1.2173749836676222,0.3277697387038784,0.516595744680851,0.5703318908337391,0.3177095353603363,-0.3190737007011623,10.0,0.399153470993042,cpu,1.4060554504394531,3.0
2027,Health_US,strong_raw_text_fusion,TimesNet,6,24,3,64,0.001,1.576813981576328,0.8616169430685382,1.2557125393880273,0.3647319950459126,0.5234042553191489,0.6068192823671543,0.326017290353775,-0.4034623862234747,26.0,0.6856231689453125,cpu,1.2990483045578003,15.0
2027,Health_US,strong_raw_text_fusion,PatchTST,6,24,3,64,0.001,1.4827117409131598,0.813415432060864,1.2176665146554535,0.32768359907519884,0.5148936170212766,0.570605084106888,0.3208800256252289,-0.3197055469429925,26.0,0.6359462738037109,cpu,1.3862178325653076,4.0
2027,Health_US,strong_event_no_verifier,TimesNet,6,24,3,64,0.001,1.5079698639759245,0.8467520250919017,1.2279942442763827,0.35015867169139364,0.5089361702127659,0.5803253911881112,0.32548266649246216,-0.34218684535826654,15.0,0.6509206295013428,cpu,1.1544920206069946,11.0
2027,Health_US,strong_event_no_verifier,PatchTST,6,24,3,64,0.001,1.4830598666527235,0.813350902846519,1.2178094541646174,0.3286553359435738,0.5208510638297872,0.5707390564168269,0.32064157724380493,-0.320015400474774,15.0,0.5054826736450195,cpu,1.360512375831604,5.0
2027,Health_US,strong_event_with_verifier,TimesNet,6,24,3,64,0.001,1.5209290979551426,0.8430268261449557,1.2332595420085517,0.34175584470571896,0.5157446808510638,0.5853126079144848,0.32117870450019836,-0.353721368552892,15.0,0.6191859245300293,cpu,1.094535231590271,13.0
2027,Health_US,strong_event_with_verifier,PatchTST,6,24,3,64,0.001,1.4830598666527235,0.813350902846519,1.2178094541646174,0.3286553359435738,0.5208510638297872,0.5707390564168269,0.32064157724380493,-0.320015400474774,15.0,0.48781609535217285,cpu,1.360512375831604,5.0
2027,Health_AFR,strong_numerical_only,TimesNet,3,24,3,64,0.001,0.001828986119728733,0.030414355184605463,0.04276664728183322,0.9606065366247352,0.5063829787234042,0.5603505502096792,0.48482760787010193,-0.859854959126093,1.0,0.6249151229858398,cpu,0.14489313960075378,11.0
2027,Health_AFR,strong_numerical_only,PatchTST,3,24,3,64,0.001,0.0017715049525672912,0.029046436999296994,0.042089249845623185,0.9213195458062883,0.4829787234042553,0.5427399170298136,0.4620274305343628,-0.8014036496008905,1.0,0.20278406143188477,cpu,0.12955845892429352,8.0
2027,Health_AFR,strong_raw_text_fusion,TimesNet,3,24,3,64,0.001,0.002717905631533808,0.037761913102899565,0.05213353653392227,1.210671079112772,0.4787234042553192,0.8326908004495062,0.571125328540802,-1.7637772713084394,17.0,0.6480627059936523,cpu,0.16266806423664093,23.0
2027,Health_AFR,strong_raw_text_fusion,PatchTST,3,24,3,64,0.001,0.0017707236132941838,0.029151849567903378,0.04207996688798821,0.9268955686122905,0.4808510638297872,0.5425005363768587,0.463634729385376,-0.8006091232203051,17.0,0.5649895668029785,cpu,0.12904778122901917,7.0
2027,Health_AFR,strong_event_no_verifier,TimesNet,3,24,3,64,0.001,0.0019492389880576635,0.03046282211629053,0.044150186727324986,0.8905182432798058,0.5297872340425532,0.5971926892535788,0.47541841864585876,-0.982137403535168,6.0,0.7603983879089355,cpu,0.13380073010921478,14.0
2027,Health_AFR,strong_event_no_verifier,PatchTST,3,24,3,64,0.001,0.0017401864435664508,0.02870154480965055,0.041715541990563314,0.8935836291754997,0.4787234042553192,0.5331447956885043,0.45950549840927124,-0.7695565603040688,6.0,0.3584308624267578,cpu,0.13009485602378845,5.0
2027,Health_AFR,strong_event_with_verifier,TimesNet,3,24,3,64,0.001,0.0018170930495197666,0.03016653241794424,0.04262737441503718,0.9264640909876866,0.4851063829787234,0.556706843806776,0.48113304376602173,-0.8477611628043027,6.0,0.6500744819641113,cpu,0.12938889861106873,10.0
2027,Health_AFR,strong_event_with_verifier,PatchTST,3,24,3,64,0.001,0.0017401864435664508,0.02870154480965055,0.041715541990563314,0.8935836291754997,0.4787234042553192,0.5331447956885043,0.45950549840927124,-0.7695565603040688,6.0,0.33088040351867676,cpu,0.13009485602378845,5.0
2027,Health_AFR,strong_numerical_only,TimesNet,6,24,3,64,0.001,0.00239811028647962,0.0338870842868449,0.04897050424979939,1.0215973925553323,0.4978723404255319,0.7041611482495187,0.5262092351913452,-0.4763613848416327,1.0,0.6358091831207275,cpu,0.1658409833908081,1.0
2027,Health_AFR,strong_numerical_only,PatchTST,6,24,3,64,0.001,0.0025442620348445273,0.035167864263916375,0.05044067837415083,1.1919902401334495,0.4748936170212766,0.7470759314133839,0.5233122110366821,-0.5663375626803052,1.0,0.22096872329711914,cpu,0.16170744597911835,5.0
2027,Health_AFR,strong_raw_text_fusion,TimesNet,6,24,3,64,0.001,0.0033948396736950028,0.04203639402886496,0.05826525271287342,1.4280531496270945,0.4919148936170213,0.9968324710625895,0.6025819778442383,-1.0899831964480688,17.0,0.6655504703521729,cpu,0.1850855052471161,23.0
2027,Health_AFR,strong_raw_text_fusion,PatchTST,6,24,3,64,0.001,0.002632476701370448,0.03596694181765701,0.051307667081737875,1.24025250799968,0.48,0.7729785519990818,0.5302888751029968,-0.6206456268130588,17.0,0.5246188640594482,cpu,0.16175411641597748,12.0
2027,Health_AFR,strong_event_no_verifier,TimesNet,6,24,3,64,0.001,0.002884355382539936,0.03810980989769471,0.05370619501081729,1.2009357540047583,0.5004255319148936,0.8469381118874831,0.5551589131355286,-0.7757110383748257,6.0,0.7435758113861084,cpu,0.1610574573278427,17.0
2027,Health_AFR,strong_event_no_verifier,PatchTST,6,24,3,64,0.001,0.00260271635948488,0.035711410763534776,0.051016824278711036,1.225884630827309,0.48425531914893616,0.7642399728634228,0.5286827087402344,-0.6023241093218692,6.0,0.33649253845214844,cpu,0.1634834259748459,8.0
2027,Health_AFR,strong_event_with_verifier,TimesNet,6,24,3,64,0.001,0.0026096528094800976,0.036043910138269374,0.05108476102988148,1.2109805494058778,0.48425531914893616,0.7662767343171998,0.5262603759765625,-0.6065944329089706,6.0,0.8520207405090332,cpu,0.16266898810863495,10.0
2027,Health_AFR,strong_event_with_verifier,PatchTST,6,24,3,64,0.001,0.00260271635948488,0.035711410763534776,0.051016824278711036,1.225884630827309,0.48425531914893616,0.7642399728634228,0.5286827087402344,-0.6023241093218692,6.0,0.36910271644592285,cpu,0.1634834259748459,8.0
2028,Energy,strong_numerical_only,TimesNet,3,24,3,64,0.001,0.051470799840853516,0.16451346603691155,0.2268717695987174,0.05090601937850447,0.48723404255319147,0.10011725180762968,0.050996083766222,-2.0048654049300496,9.0,0.6962943077087402,cpu,0.032736945897340775,18.0
2028,Energy,strong_numerical_only,PatchTST,3,24,3,64,0.001,0.05121933622954906,0.1648584340481048,0.22631689338082797,0.050087817824227124,0.4808510638297872,0.09962812310220315,0.0503244511783123,-1.9901849587636042,9.0,0.44774317741394043,cpu,0.03318675607442856,15.0
2028,Energy,strong_raw_text_fusion,TimesNet,3,24,3,64,0.001,0.056170741354702576,0.16730826459032425,0.2370036737156253,0.05149016206883195,0.4702127659574468,0.10925923579618382,0.05124833062291145,-2.279248000573145,25.0,0.6440672874450684,cpu,0.02880953624844551,24.0
2028,Energy,strong_raw_text_fusion,PatchTST,3,24,3,64,0.001,0.05195151308013852,0.16638087296316809,0.2279287456205086,0.05055166566022625,0.4808510638297872,0.10105230019571705,0.05080637335777283,-2.032929444868921,25.0,0.6428232192993164,cpu,0.033262934535741806,19.0
2028,Energy,strong_event_no_verifier,TimesNet,3,24,3,64,0.001,0.03979743263607564,0.14440565701072097,0.1994929388125696,0.04447065412553297,0.5,0.07741106796169601,0.044566716998815536,-1.3233742025174395,14.0,0.6278748512268066,cpu,0.026241809129714966,7.0
2028,Energy,strong_event_no_verifier,PatchTST,3,24,3,64,0.001,0.05125809303145805,0.16432900175135187,0.22640250226412703,0.049985599649597305,0.48723404255319147,0.09970351001105202,0.050151191651821136,-1.9924475809420457,14.0,0.48433971405029297,cpu,0.034458283334970474,16.0
2028,Energy,strong_event_with_verifier,TimesNet,3,24,3,64,0.001,0.040980826111078915,0.14418170688845589,0.2024372152324738,0.04411215749828326,0.5212765957446809,0.07971291877595847,0.04413149133324623,-1.3924607161222828,14.0,0.6889317035675049,cpu,0.026254704222083092,9.0
2028,Energy,strong_event_with_verifier,PatchTST,3,24,3,64,0.001,0.05125809303145805,0.16432900175135187,0.22640250226412703,0.049985599649597305,0.48723404255319147,0.09970351001105202,0.050151191651821136,-1.9924475809420457,14.0,0.47147536277770996,cpu,0.034458283334970474,16.0
2028,Energy,strong_numerical_only,TimesNet,6,24,3,64,0.001,0.07854884379632114,0.20713172128014531,0.2802656664600949,0.06397758451119619,0.5004255319148936,0.15274741491916385,0.0640617236495018,-0.9103684995848877,9.0,0.685821533203125,cpu,0.056336916983127594,19.0
2028,Energy,strong_numerical_only,PatchTST,6,24,3,64,0.001,0.0804984623773196,0.20507529272255323,0.283722509465357,0.06277835546028451,0.502127659574468,0.15653867630422105,0.06261508166790009,-0.9577847280529035,9.0,0.38254427909851074,cpu,0.052030421793460846,23.0
2028,Energy,strong_raw_text_fusion,TimesNet,6,24,3,64,0.001,0.0860590869935053,0.2117965097123004,0.29335829116202816,0.06546800465452653,0.49361702127659574,0.16735196131781938,0.06571196764707565,-1.0930234100164817,25.0,0.667100191116333,cpu,0.06293635070323944,24.0
2028,Energy,strong_raw_text_fusion,PatchTST,6,24,3,64,0.001,0.08023969534982335,0.20637808040524205,0.2832661210766712,0.06312690961889465,0.5080851063829788,0.15603547355029054,0.06312718242406845,-0.9514913142460512,25.0,0.630537748336792,cpu,0.05215698480606079,20.0
2028,Energy,strong_event_no_verifier,TimesNet,6,24,3,64,0.001,0.06850042010987756,0.18597192011826427,0.2617258491434836,0.05742649583928544,0.48851063829787233,0.1332070796585112,0.057144369930028915,-0.6659830808657959,14.0,0.6895251274108887,cpu,0.041530389338731766,7.0
2028,Energy,strong_event_no_verifier,PatchTST,6,24,3,64,0.001,0.08047668916905794,0.20678901976727423,0.283684136266126,0.06326840261269885,0.5029787234042553,0.15649633575386124,0.06327114254236221,-0.9572551868249531,14.0,0.5226902961730957,cpu,0.052423346787691116,21.0
2028,Energy,strong_event_with_verifier,TimesNet,6,24,3,64,0.001,0.06775687513009908,0.1850922907497866,0.26030150812106156,0.05733531545326003,0.49617021276595746,0.1317611694700457,0.05710387974977493,-0.647899493142003,14.0,0.6976985931396484,cpu,0.04166942089796066,5.0
2028,Energy,strong_event_with_verifier,PatchTST,6,24,3,64,0.001,0.08047668916905794,0.20678901976727423,0.283684136266126,0.06326840261269885,0.5029787234042553,0.15649633575386124,0.06327114254236221,-0.9572551868249531,14.0,0.543818473815918,cpu,0.052423346787691116,21.0
2028,Health_US,strong_numerical_only,TimesNet,3,24,3,64,0.001,0.9551970951546708,0.6640365750231642,0.9773418517359578,0.2986015443392286,0.4851063829787234,0.36792187264205073,0.25867608189582825,-0.7195628549148895,10.0,0.6193628311157227,cpu,0.6151586174964905,3.0
2028,Health_US,strong_numerical_only,PatchTST,3,24,3,64,0.001,1.1286254975070238,0.7033261312660596,1.0623678729644566,0.2771078362460218,0.49361702127659574,0.4347228531794388,0.2602989375591278,-1.031771759427995,10.0,0.4035916328430176,cpu,0.9708894491195679,21.0
2028,Health_US,strong_raw_text_fusion,TimesNet,3,24,3,64,0.001,1.3216592701248766,0.8136552416686471,1.1496344071594573,0.356556888689215,0.48936170212765956,0.5090754108505026,0.31843101978302,-1.379274601324722,26.0,0.5742638111114502,cpu,0.7961099743843079,24.0
2028,Health_US,strong_raw_text_fusion,PatchTST,3,24,3,64,0.001,1.0973307338883642,0.699178463093778,1.0475355525653363,0.28161894087361644,0.48936170212765956,0.42266876707210704,0.2593226134777069,-0.9754343675483901,26.0,0.609107494354248,cpu,1.0614962577819824,20.0
2028,Health_US,strong_event_no_verifier,TimesNet,3,24,3,64,0.001,1.0844643147347897,0.7074054809326821,1.0413761638979402,0.28782687858599376,0.4978723404255319,0.4177128924644543,0.27978479862213135,-0.9522720102040456,15.0,0.6461470127105713,cpu,0.6241781711578369,18.0
2028,Health_US,strong_event_no_verifier,PatchTST,3,24,3,64,0.001,1.0759736976484464,0.6911758307869553,1.037291520088951,0.2762820765519103,0.4787234042553192,0.4144424849703987,0.25626152753829956,-0.9369870498214793,15.0,0.4748680591583252,cpu,1.0336074829101562,16.0
2028,Health_US,strong_event_with_verifier,TimesNet,3,24,3,64,0.001,1.0751145647196303,0.6931678780427216,1.0368773142082097,0.2817203471255324,0.5106382978723404,0.4141115649983616,0.27043119072914124,-0.9354404233929439,15.0,0.6544876098632812,cpu,0.5330255627632141,15.0
2028,Health_US,strong_event_with_verifier,PatchTST,3,24,3,64,0.001,1.0759736976484464,0.6911758307869553,1.037291520088951,0.2762820765519103,0.4787234042553192,0.4144424849703987,0.25626152753829956,-0.9369870498214793,15.0,0.5255906581878662,cpu,1.0336074829101562,16.0
2028,Health_US,strong_numerical_only,TimesNet,6,24,3,64,0.001,1.4168649747716833,0.8121482629302545,1.1903213745756578,0.34033923438899827,0.5072340425531915,0.5452646902221104,0.31384316086769104,-0.26109783505447237,10.0,0.6200206279754639,cpu,1.0811618566513062,2.0
2028,Health_US,strong_numerical_only,PatchTST,6,24,3,64,0.001,1.735794554142236,0.9009022207547587,1.317495561336825,0.3606472400869606,0.4902127659574468,0.6680011833915991,0.35221055150032043,-0.5449649707664332,10.0,0.4180936813354492,cpu,1.5833426713943481,20.0
2028,Health_US,strong_raw_text_fusion,TimesNet,6,24,3,64,0.001,1.7291761884993273,0.919611865831605,1.3149814403630673,0.38652511437648773,0.5217021276595745,0.6654541791559705,0.3599295914173126,-0.5390742142494152,26.0,0.6828916072845459,cpu,1.2228176593780518,19.0
2028,Health_US,strong_raw_text_fusion,PatchTST,6,24,3,64,0.001,1.7386934323615801,0.8982181586695056,1.3185952496356037,0.3562621276055893,0.49361702127659574,0.6691167843573983,0.3524598181247711,-0.5475451524433009,26.0,0.6460855007171631,cpu,1.626245379447937,21.0
2028,Health_US,strong_event_no_verifier,TimesNet,6,24,3,64,0.001,1.585493952028476,0.8720501037776893,1.2591639893312054,0.3591940999674548,0.5106382978723404,0.6101596722306911,0.3458792269229889,-0.411188099075756,15.0,0.6288831233978271,cpu,1.0687085390090942,16.0
2028,Health_US,strong_event_no_verifier,PatchTST,6,24,3,64,0.001,1.7406739118188053,0.9003852990079433,1.3193460167138888,0.3590427924930195,0.4927659574468085,0.6698789497979754,0.3546176850795746,-0.5493079021762308,15.0,0.5158839225769043,cpu,1.6654257774353027,22.0
2028,Health_US,strong_event_with_verifier,TimesNet,6,24,3,64,0.001,1.6573079240102055,0.881969097658252,1.2873647206639638,0.3622474387755499,0.5089361702127659,0.6377964787602244,0.34434694051742554,-0.47510699481062674,15.0,0.6614265441894531,cpu,1.0095577239990234,18.0
2028,Health_US,strong_event_with_verifier,PatchTST,6,24,3,64,0.001,1.7406739118188053,0.9003852990079433,1.3193460167138888,0.3590427924930195,0.4927659574468085,0.6698789497979754,0.3546176850795746,-0.5493079021762308,15.0,0.47362565994262695,cpu,1.6654257774353027,22.0
2028,Health_AFR,strong_numerical_only,TimesNet,3,24,3,64,0.001,0.0018759727156696714,0.030552491865695475,0.04331250068594137,1.0208638443961209,0.5127659574468085,0.574745938235855,0.4938998520374298,-0.9076345745811132,1.0,0.5647869110107422,cpu,0.13747666776180267,12.0
2028,Health_AFR,strong_numerical_only,PatchTST,3,24,3,64,0.001,0.0019224996675781501,0.03129833800658742,0.043846318746026444,0.9918864522651134,0.48936170212765956,0.5890005040962903,0.4957176744937897,-0.95494678832981,1.0,0.1839900016784668,cpu,0.13920415937900543,13.0
2028,Health_AFR,strong_raw_text_fusion,TimesNet,3,24,3,64,0.001,0.0025684795225373925,0.036123075571690574,0.050680168927672214,1.1425081772280152,0.4829787234042553,0.7869107907005796,0.5533767342567444,-1.611829212850173,17.0,0.7235107421875,cpu,0.1612175554037094,20.0
2028,Health_AFR,strong_raw_text_fusion,PatchTST,3,24,3,64,0.001,0.001953275966407708,0.031793127111522546,0.04419588178108576,1.0373924527538445,0.5042553191489362,0.5984295073000534,0.49858957529067993,-0.9862425162657823,17.0,0.5871052742004395,cpu,0.13242541253566742,15.0
2028,Health_AFR,strong_event_no_verifier,TimesNet,3,24,3,64,0.001,0.00205208768853232,0.031849573751092486,0.045299974487104516,1.0562016115575334,0.5255319148936171,0.6287026746371047,0.49508631229400635,-1.0867219400464863,6.0,0.6180582046508789,cpu,0.159840390086174,18.0
2028,Health_AFR,strong_event_no_verifier,PatchTST,3,24,3,64,0.001,0.0019603511707310503,0.03180231343432997,0.04427585313385898,1.0367935605620648,0.48936170212765956,0.6005971534033594,0.49944350123405457,-0.9934371328381322,6.0,0.3464977741241455,cpu,0.13057075440883636,16.0
2028,Health_AFR,strong_event_with_verifier,TimesNet,3,24,3,64,0.001,0.0022350441527004506,0.03320504481679634,0.04727625358148053,1.157416470077568,0.5,0.6847554539639564,0.5090427994728088,-1.272766264558769,6.0,0.6314921379089355,cpu,0.15802964568138123,19.0
2028,Health_AFR,strong_event_with_verifier,PatchTST,3,24,3,64,0.001,0.0019603511707310503,0.03180231343432997,0.04427585313385898,1.0367935605620648,0.48936170212765956,0.6005971534033594,0.49944350123405457,-0.9934371328381322,6.0,0.3525855541229248,cpu,0.13057075440883636,16.0
2028,Health_AFR,strong_numerical_only,TimesNet,6,24,3,64,0.001,0.0025449341753168812,0.034810718553510644,0.050447340616893585,1.181817033758525,0.48,0.7472732931483576,0.5229575634002686,-0.5667513560926295,1.0,0.6318545341491699,cpu,0.17079393565654755,6.0
2028,Health_AFR,strong_numerical_only,PatchTST,6,24,3,64,0.001,0.0027752922115598633,0.03734348476864398,0.05268104224063779,1.224163874683833,0.48595744680851066,0.8149137099481547,0.5570240616798401,-0.7085678986071676,1.0,0.23685312271118164,cpu,0.17857421934604645,14.0
2028,Health_AFR,strong_raw_text_fusion,TimesNet,6,24,3,64,0.001,0.0034141194297378787,0.041523651076242965,0.058430466622626576,1.3892771149510181,0.5080851063829788,1.0024936181873332,0.59660404920578,-1.1018524951585356,17.0,0.6299092769622803,cpu,0.1923397332429886,24.0
2028,Health_AFR,strong_raw_text_fusion,PatchTST,6,24,3,64,0.001,0.0027749512868699994,0.03729972417453132,0.05267780639766618,1.2185401973372658,0.48851063829787233,0.8148136036592845,0.55754154920578,-0.7083580133278742,17.0,0.5084056854248047,cpu,0.17769773304462433,13.0
2028,Health_AFR,strong_event_no_verifier,TimesNet,6,24,3,64,0.001,0.0032837526913247514,0.041209002159179206,0.05730403730388245,1.3781456661458336,0.4570212765957447,0.964213813988131,0.590226411819458,-1.021594126915,6.0,0.6364080905914307,cpu,0.19441451132297516,21.0
2028,Health_AFR,strong_event_no_verifier,PatchTST,6,24,3,64,0.001,0.002819305500280719,0.037814007166125777,0.05309713269359014,1.2626798063721614,0.4825531914893617,0.8278374057842672,0.5587112903594971,-0.7356640335321154,6.0,0.3269989490509033,cpu,0.17407909035682678,15.0
2028,Health_AFR,strong_event_with_verifier,TimesNet,6,24,3,64,0.001,0.003277432619633588,0.041296429277219354,0.05724886566241805,1.4162896568157615,0.4570212765957447,0.9623580407302623,0.5919427275657654,-1.017703267580102,6.0,0.6573123931884766,cpu,0.1939050406217575,20.0
2028,Health_AFR,strong_event_with_verifier,PatchTST,6,24,3,64,0.001,0.002819305500280719,0.037814007166125777,0.05309713269359014,1.2626798063721614,0.4825531914893617,0.8278374057842672,0.5587112903594971,-0.7356640335321154,6.0,0.3655507564544678,cpu,0.17407909035682678,15.0
