anchor,mse
12222,1004.6088256835938
12223,1032.444091796875
12224,1108.96826171875
12225,1023.750732421875
12226,1062.77978515625
12227,1066.5455322265625
12228,1112.1748046875
12229,969.4678344726562
12230,948.662841796875
12231,1133.432861328125
12232,1366.4573974609375
12233,1426.7935791015625
12234,1188.6151123046875
12235,1010.8992309570312
12236,1134.1632080078125
12237,1240.5916748046875
12238,1047.81005859375
12239,1042.7100830078125
12240,1112.189697265625
12241,1061.6514892578125
12242,1069.857177734375
12243,1067.4638671875
12244,909.834716796875
12245,918.669921875
12246,949.3513793945312
12247,969.28173828125
12248,1071.11181640625
12249,1162.487060546875
12250,1198.86669921875
12251,1241.11669921875
12252,1098.11279296875
12253,1104.7706298828125
12254,1112.30029296875
12255,1188.340576171875
12256,1249.7862548828125
12257,1127.4073486328125
12258,1081.3638916015625
12259,1048.5667724609375
12260,1066.1036376953125
12261,1068.609619140625
12262,1184.0960693359375
12263,1040.2115478515625
12264,1167.5048828125
12265,1273.2054443359375
12266,1231.455810546875
12267,1278.5025634765625
12268,1393.0133056640625
12269,1480.2431640625
12270,1405.6630859375
12271,1440.1793212890625
12272,1439.2376708984375
12273,1454.3197021484375
12274,1441.20166015625
12275,1333.6700439453125
12276,1420.5118408203125
12277,1550.9873046875
12278,1495.892578125
12279,1414.6043701171875
12280,1356.3681640625
12281,1462.86083984375
12282,1462.5677490234375
12283,1315.1907958984375
12284,1288.9244384765625
12285,1302.3275146484375
12286,1499.6373291015625
12287,1458.04296875
12288,1437.9979248046875
12289,1479.9613037109375
12290,1389.4150390625
12291,1453.9029541015625
12292,1401.8564453125
12293,1493.8037109375
12294,1565.041015625
12295,1615.8504638671875
12296,1698.4437255859375
12297,1836.4224853515625
12298,2283.29248046875
12299,1949.1212158203125
12300,1849.6153564453125
12301,2154.12109375
12302,2389.875732421875
12303,2595.690673828125
12304,2149.249267578125
12305,2057.469482421875
12306,1726.5640869140625
12307,1543.748046875
12308,1427.2109375
12309,1304.9339599609375
12310,1322.2598876953125
12311,1424.46337890625
12312,1802.0625
12313,1992.8280029296875
12314,1399.322265625
12315,1087.4251708984375
12316,1007.9451293945312
12317,754.658203125
12318,647.5516967773438
12319,542.196533203125
12320,488.064697265625
12321,405.5101013183594
12322,334.8332824707031
12323,312.9091491699219
12324,305.38470458984375
12325,255.9598388671875
12326,246.8275146484375
12327,194.83551025390625
12328,174.2965087890625
12329,210.2586669921875
12330,218.32106018066406
12331,220.3268585205078
12332,231.74440002441406
12333,257.7963562011719
12334,301.3493347167969
12335,320.4335021972656
12336,298.8609924316406
12337,254.72288513183594
12338,265.6357421875
12339,296.7065734863281
12340,293.1089782714844
12341,291.5171813964844
12342,311.8398742675781
12343,338.0838317871094
12344,279.6065368652344
12345,353.0033264160156
12346,314.943359375
12347,345.697021484375
12348,366.5340881347656
12349,428.5396423339844
12350,493.9864196777344
12351,494.7220764160156
12352,518.8123168945312
12353,524.9776000976562
12354,570.0070190429688
12355,466.5936584472656
12356,512.4669189453125
12357,486.9559020996094
12358,436.09716796875
12359,385.3564453125
12360,369.954833984375
12361,333.1833801269531
12362,328.0464782714844
12363,318.26251220703125
12364,329.6080322265625
12365,277.9767761230469
12366,279.9681701660156
12367,279.25982666015625
12368,299.5191955566406
12369,309.0351257324219
12370,326.6185607910156
12371,329.9679870605469
12372,339.7021789550781
12373,337.1365966796875
12374,361.8147888183594
12375,389.9210510253906
12376,469.7682800292969
12377,518.1143798828125
12378,564.1728515625
12379,565.2161254882812
12380,547.3097534179688
12381,487.2547607421875
12382,466.5636291503906
12383,467.6973876953125
12384,583.0827026367188
12385,579.1215209960938
12386,488.2662658691406
12387,537.53369140625
12388,495.9502258300781
12389,529.9930419921875
12390,526.6245727539062
12391,462.2880554199219
12392,389.069580078125
12393,347.213134765625
12394,352.1087341308594
12395,314.65179443359375
12396,325.6036071777344
12397,316.31817626953125
12398,302.2757873535156
12399,358.4093322753906
12400,346.5040283203125
12401,296.8995056152344
12402,289.3356018066406
12403,288.7506103515625
12404,274.7740173339844
12405,257.6163635253906
12406,267.7771301269531
12407,285.9228210449219
12408,279.96075439453125
12409,280.2153625488281
12410,286.1253662109375
12411,302.7458801269531
12412,297.5528869628906
12413,301.3740234375
12414,319.3599853515625
12415,371.2328186035156
12416,351.9577941894531
12417,406.189453125
12418,389.0553894042969
12419,361.4912414550781
12420,310.2679443359375
12421,333.287841796875
12422,316.65460205078125
12423,268.1932678222656
12424,186.7809295654297
12425,203.2686309814453
12426,214.249755859375
12427,240.3471221923828
12428,248.36468505859375
12429,238.3106231689453
12430,246.62908935546875
12431,232.4397735595703
12432,248.110107421875
12433,205.8141632080078
12434,193.21290588378906
12435,200.2557830810547
12436,216.411376953125
12437,242.2503204345703
12438,319.5633544921875
12439,312.845703125
12440,315.8310241699219
12441,336.6208190917969
12442,270.8373107910156
12443,259.6249694824219
12444,288.6607971191406
12445,262.7815246582031
12446,258.3782958984375
12447,246.7991485595703
12448,247.583984375
12449,285.16253662109375
12450,300.0929870605469
12451,303.1213073730469
12452,266.6357116699219
12453,253.0895233154297
12454,270.3451843261719
12455,286.16058349609375
12456,269.5957336425781
12457,272.0282287597656
12458,271.0307312011719
12459,239.69740295410156
12460,255.93109130859375
12461,256.7666015625
12462,254.39599609375
12463,267.2976379394531
12464,267.2839660644531
12465,251.77284240722656
12466,245.9912567138672
12467,242.4278564453125
12468,247.0651397705078
12469,231.42930603027344
12470,234.9586944580078
12471,223.3745574951172
12472,219.6895294189453
12473,227.7624053955078
12474,231.2501678466797
12475,207.9899139404297
12476,183.5150604248047
12477,190.8369598388672
12478,217.5987091064453
12479,220.57164001464844
12480,220.1628875732422
12481,223.79335021972656
12482,297.3401794433594
12483,287.7379150390625
12484,225.12168884277344
12485,209.9512939453125
12486,238.65061950683594
12487,225.9249267578125
12488,189.9658966064453
12489,186.08721923828125
12490,204.4399871826172
12491,166.674560546875
12492,149.63072204589844
12493,146.2933807373047
12494,149.0810089111328
12495,161.4291534423828
12496,150.17588806152344
12497,147.70269775390625
12498,156.5124969482422
12499,161.506591796875
12500,150.34605407714844
12501,145.49404907226562
12502,199.00311279296875
12503,259.7365417480469
12504,257.285400390625
12505,265.7868957519531
12506,239.2516632080078
12507,244.7456817626953
12508,247.6427764892578
12509,261.0856018066406
12510,246.2560577392578
12511,238.5705108642578
12512,232.86956787109375
12513,239.30584716796875
12514,233.1818389892578
12515,510.8255310058594
12516,773.0709838867188
12517,901.2288208007812
12518,1027.7164306640625
12519,1062.580322265625
12520,1047.4017333984375
12521,1090.4837646484375
12522,1179.7862548828125
12523,1200.9593505859375
12524,1215.2039794921875
12525,1163.518310546875
12526,1062.4617919921875
12527,1104.9290771484375
12528,1207.2572021484375
12529,1125.8690185546875
12530,1045.2119140625
12531,1081.3779296875
12532,1110.432373046875
12533,1054.86083984375
12534,1066.8431396484375
12535,1063.4530029296875
12536,1091.613037109375
12537,1220.0235595703125
12538,1232.48095703125
12539,1310.329833984375
12540,1393.5108642578125
12541,1538.5296630859375
12542,1693.5240478515625
12543,1767.1810302734375
12544,1893.7032470703125
12545,2043.82421875
12546,2149.712646484375
12547,2231.733642578125
12548,2333.387939453125
12549,2346.035400390625
12550,1926.7635498046875
12551,1931.0159912109375
12552,2005.63720703125
12553,2201.2275390625
12554,2047.2838134765625
12555,2060.769287109375
12556,2085.320556640625
12557,2142.214599609375
12558,2167.301025390625
12559,2271.072509765625
12560,2312.260498046875
12561,2157.694091796875
12562,2112.142822265625
12563,1191.8631591796875
12564,977.302490234375
12565,882.0504760742188
12566,914.883544921875
12567,916.2357788085938
12568,989.4817504882812
12569,910.1370239257812
12570,814.11083984375
12571,842.6442260742188
12572,880.03173828125
12573,1040.7733154296875
12574,1042.7208251953125
12575,1035.71630859375
12576,1043.991943359375
12577,944.5420532226562
12578,972.0214233398438
12579,994.8584594726562
12580,1041.57080078125
12581,1117.9678955078125
12582,1204.3472900390625
12583,1266.618896484375
12584,1029.8736572265625
12585,970.810546875
12586,1136.5657958984375
12587,956.2800903320312
12588,827.2000122070312
12589,835.3857421875
12590,825.7903442382812
12591,857.4297485351562
12592,848.071533203125
12593,879.62255859375
12594,939.0979614257812
12595,997.2330932617188
12596,985.5708618164062
12597,872.0530395507812
12598,894.94580078125
12599,814.973876953125
12600,745.7097778320312
12601,722.975830078125
12602,693.6012573242188
12603,759.683837890625
12604,820.54638671875
12605,704.3173217773438
12606,725.22900390625
12607,777.4417114257812
12608,661.8356323242188
12609,660.2114868164062
12610,686.21337890625
12611,565.8222045898438
12612,602.2255859375
12613,760.0050659179688
12614,544.4164428710938
12615,545.839599609375
12616,536.8637084960938
12617,586.9267578125
12618,594.2440795898438
12619,671.45166015625
12620,651.5154418945312
12621,728.3974609375
12622,603.0061645507812
12623,616.1289672851562
12624,690.3292846679688
12625,614.5547485351562
12626,610.487548828125
12627,673.3120727539062
12628,875.3143920898438
12629,819.3917846679688
12630,706.6990356445312
12631,626.04150390625
12632,603.736572265625
12633,602.1307983398438
12634,560.9129028320312
12635,531.5849609375
12636,571.5116577148438
12637,625.1912231445312
12638,624.8273315429688
12639,605.841552734375
12640,558.2459716796875
12641,526.4940795898438
12642,556.9120483398438
12643,616.8366088867188
12644,592.7905883789062
12645,664.97119140625
12646,717.5265502929688
12647,655.2974243164062
12648,683.1990356445312
12649,637.3600463867188
12650,665.1428833007812
12651,603.8480834960938
12652,647.9946899414062
12653,653.7559204101562
12654,762.5789184570312
12655,685.8905639648438
12656,651.2396850585938
12657,754.8310546875
12658,809.9778442382812
12659,892.7571411132812
12660,769.742431640625
12661,908.400390625
12662,755.0873413085938
12663,647.0403442382812
12664,656.77880859375
12665,571.2933959960938
12666,505.3212890625
12667,479.1602478027344
12668,480.9458923339844
12669,467.6097412109375
12670,527.0635986328125
12671,573.1610107421875
12672,473.4796142578125
12673,447.1138916015625
12674,462.5948791503906
12675,640.6632690429688
12676,392.2016906738281
12677,413.0587463378906
12678,351.19775390625
12679,308.7749328613281
12680,274.9427795410156
12681,291.6675109863281
12682,275.1946716308594
12683,296.824951171875
12684,371.9802551269531
12685,184.88671875
12686,184.3472442626953
12687,192.76878356933594
12688,218.9169464111328
12689,199.6487274169922
12690,152.1738739013672
12691,152.5732421875
12692,158.2596435546875
12693,148.1342315673828
12694,177.5124053955078
12695,145.1436767578125
12696,178.06837463378906
12697,146.9987030029297
12698,148.4601593017578
12699,177.7513885498047
12700,201.477783203125
12701,199.7041778564453
12702,196.3909454345703
12703,188.54481506347656
12704,180.9116668701172
12705,223.8423309326172
12706,176.2819061279297
12707,187.8311309814453
12708,158.193603515625
12709,148.58526611328125
12710,151.09739685058594
12711,158.7531280517578
12712,165.35589599609375
12713,145.09298706054688
12714,156.92005920410156
12715,155.8832244873047
12716,172.05841064453125
12717,175.9787139892578
12718,185.024658203125
12719,196.9353790283203
12720,201.52056884765625
12721,187.4630126953125
12722,204.04986572265625
12723,192.7932586669922
12724,174.2535400390625
12725,177.6279296875
12726,212.2801055908203
12727,203.3972930908203
12728,247.7503662109375
12729,233.02760314941406
12730,179.36346435546875
12731,183.67616271972656
12732,205.4409637451172
12733,190.0580291748047
12734,218.6090545654297
12735,192.76063537597656
12736,166.1456298828125
12737,167.48590087890625
12738,154.04969787597656
12739,145.8802490234375
12740,134.32598876953125
12741,139.5320281982422
12742,122.2654800415039
12743,129.19700622558594
12744,134.10423278808594
12745,144.72813415527344
12746,150.8390350341797
12747,99.80916595458984
12748,116.75302124023438
12749,120.4117431640625
12750,106.3266830444336
12751,127.6998519897461
12752,145.0033416748047
12753,161.27049255371094
12754,152.84934997558594
12755,157.9747314453125
12756,180.4198455810547
12757,205.2841796875
12758,218.7969512939453
12759,195.33563232421875
12760,183.4102020263672
12761,216.9092254638672
12762,212.16111755371094
12763,184.0832061767578
12764,145.3848419189453
12765,142.60594177246094
12766,128.9997100830078
12767,136.77337646484375
12768,120.98921966552734
12769,118.32608795166016
12770,148.8142547607422
12771,154.8311767578125
12772,140.6831817626953
12773,151.62757873535156
12774,152.84579467773438
12775,152.6238555908203
12776,148.5030059814453
12777,151.4609832763672
12778,155.81993103027344
12779,157.30873107910156
12780,177.6982879638672
12781,164.90257263183594
12782,170.17666625976562
12783,194.0236053466797
12784,196.06280517578125
12785,197.70416259765625
12786,197.9154510498047
12787,218.2831573486328
12788,222.02711486816406
12789,233.5024871826172
12790,219.3542938232422
12791,235.24317932128906
12792,229.31651306152344
12793,229.65769958496094
12794,226.6870880126953
12795,222.5139617919922
12796,241.9020233154297
12797,255.7026824951172
12798,229.3519744873047
12799,220.46372985839844
12800,200.6929473876953
12801,209.22975158691406
12802,207.0163116455078
12803,196.1465301513672
12804,188.5950469970703
12805,198.8076171875
12806,192.09796142578125
12807,204.721923828125
12808,219.9445343017578
12809,216.4580841064453
12810,226.5819091796875
12811,241.6571502685547
12812,249.7274169921875
12813,267.7985534667969
12814,251.140380859375
12815,257.7589111328125
12816,258.4317626953125
12817,264.9067077636719
12818,174.9844970703125
12819,190.88194274902344
12820,139.8751983642578
12821,165.9755401611328
12822,152.6387176513672
12823,132.56724548339844
12824,150.98768615722656
12825,147.08641052246094
12826,146.70286560058594
12827,148.98944091796875
12828,146.95567321777344
12829,153.3798065185547
12830,150.18739318847656
12831,133.28611755371094
12832,151.66578674316406
12833,128.2738800048828
12834,139.67333984375
12835,182.772705078125
12836,264.0925598144531
12837,310.63812255859375
12838,261.8154602050781
12839,240.462646484375
12840,230.39051818847656
12841,217.98680114746094
12842,231.5940399169922
12843,243.4071044921875
12844,237.1553497314453
12845,234.5015411376953
12846,226.7313690185547
12847,236.82110595703125
12848,234.4456329345703
12849,237.5738067626953
12850,234.34698486328125
12851,242.96083068847656
12852,247.6764373779297
12853,300.173095703125
12854,313.1875305175781
12855,317.7947692871094
12856,264.7345886230469
12857,295.7104797363281
12858,295.02813720703125
12859,297.0295104980469
12860,237.44480895996094
12861,263.6733703613281
12862,244.2978515625
12863,250.7571563720703
12864,263.5864562988281
12865,262.03564453125
12866,256.8556213378906
12867,246.07464599609375
12868,251.2305908203125
12869,238.17311096191406
12870,257.1543273925781
12871,243.3654022216797
12872,393.2959289550781
12873,560.1854858398438
12874,612.2703247070312
12875,625.5578002929688
12876,588.746826171875
12877,619.322509765625
12878,615.2540893554688
12879,613.7015991210938
12880,639.5438842773438
12881,654.2799682617188
12882,611.1990356445312
12883,504.1726379394531
12884,531.943359375
12885,529.7201538085938
12886,486.9209899902344
12887,514.673828125
12888,531.143310546875
12889,540.8281860351562
12890,520.6985473632812
12891,510.5167236328125
12892,504.4353942871094
12893,500.1009216308594
12894,509.7677307128906
12895,521.5161743164062
12896,596.6950073242188
12897,670.111572265625
12898,891.7490234375
12899,1171.4144287109375
12900,1187.187744140625
12901,1136.5706787109375
12902,1112.2291259765625
12903,1139.0013427734375
12904,1155.2015380859375
12905,1190.190673828125
12906,1188.7901611328125
12907,1210.05712890625
12908,1319.1531982421875
12909,1332.9437255859375
12910,1374.4735107421875
12911,1429.0245361328125
12912,1409.759765625
12913,1388.79541015625
12914,1405.3939208984375
12915,1481.1363525390625
12916,1669.3204345703125
12917,1614.8092041015625
12918,1666.6151123046875
12919,1606.8883056640625
12920,1013.7189331054688
12921,860.22412109375
12922,938.6862182617188
12923,992.3775024414062
12924,1058.3729248046875
12925,1074.4365234375
12926,1017.3713989257812
12927,1049.7606201171875
12928,1100.076416015625
12929,1241.1195068359375
12930,1331.0372314453125
12931,1351.4014892578125
12932,1466.3038330078125
12933,1543.4691162109375
12934,1499.8802490234375
12935,1524.9010009765625
12936,1725.89794921875
12937,1771.0198974609375
12938,1964.5966796875
12939,1879.7933349609375
12940,1972.072265625
12941,1987.3828125
12942,1847.6875
12943,1932.2685546875
12944,1488.7701416015625
12945,1199.0140380859375
12946,782.9627075195312
12947,757.7460327148438
12948,769.96240234375
12949,737.2648315429688
12950,770.531982421875
12951,762.95849609375
12952,806.79541015625
12953,843.7744750976562
12954,811.5061645507812
12955,777.5835571289062
12956,798.6135864257812
12957,777.747802734375
12958,744.5812377929688
12959,710.4739379882812
12960,761.288818359375
12961,746.8356323242188
12962,737.8419799804688
12963,702.21533203125
12964,736.0132446289062
12965,706.203125
12966,671.5409545898438
12967,693.7658081054688
12968,687.144775390625
12969,680.6088256835938
12970,642.493408203125
12971,653.6488647460938
12972,648.897216796875
12973,725.4606323242188
12974,716.7673950195312
12975,683.51513671875
12976,729.434326171875
12977,824.4461059570312
12978,605.8845825195312
12979,611.638427734375
12980,638.6611938476562
12981,678.3703002929688
12982,719.569091796875
12983,758.64404296875
12984,891.1654663085938
12985,776.6212768554688
12986,1114.451171875
12987,910.2109375
12988,760.6828002929688
12989,722.3733520507812
12990,617.3938598632812
12991,631.793701171875
12992,685.8571166992188
12993,526.1322631835938
12994,453.4413146972656
12995,546.1029663085938
12996,678.4932250976562
12997,586.71240234375
12998,785.2577514648438
12999,528.779052734375
13000,494.2779846191406
13001,439.5476379394531
13002,479.4555969238281
13003,439.3222351074219
13004,459.250244140625
13005,409.5337829589844
13006,419.4458923339844
13007,383.4756774902344
13008,394.2021179199219
13009,424.0144958496094
13010,431.245849609375
13011,394.6741638183594
13012,399.5409240722656
13013,383.693603515625
13014,406.4336853027344
13015,384.919921875
13016,370.6402282714844
13017,399.0913391113281
13018,339.0908508300781
13019,362.8904724121094
13020,358.4137878417969
13021,376.337158203125
13022,358.9041442871094
13023,368.3631286621094
13024,338.8520202636719
13025,360.9878845214844
13026,357.2235412597656
13027,335.4815368652344
13028,373.8291320800781
13029,388.4487609863281
13030,410.8292541503906
13031,383.1136169433594
13032,383.0594177246094
13033,386.2525634765625
13034,377.6862487792969
13035,367.893798828125
13036,379.1991882324219
13037,380.6339416503906
13038,409.0794982910156
13039,397.2689208984375
13040,396.0781555175781
13041,378.6100769042969
13042,345.3546142578125
13043,346.8382263183594
13044,333.849365234375
13045,316.8241882324219
13046,326.5064697265625
13047,312.7733459472656
13048,301.2074890136719
13049,310.2065124511719
13050,228.0721435546875
13051,219.2714385986328
13052,238.0937957763672
13053,224.3163299560547
13054,291.1734313964844
13055,247.8702850341797
13056,244.58485412597656
13057,215.2637481689453
13058,230.275146484375
13059,245.2940673828125
13060,209.4542999267578
13061,222.2733917236328
13062,261.4399719238281
13063,224.1980743408203
13064,178.6651611328125
13065,194.20863342285156
13066,195.745361328125
13067,212.88800048828125
13068,194.32415771484375
13069,208.3099822998047
13070,206.65313720703125
13071,233.5365753173828
13072,314.6005554199219
13073,397.5790100097656
13074,359.4291076660156
13075,350.8949279785156
13076,302.2275085449219
13077,310.7384948730469
13078,272.3082580566406
13079,309.8064270019531
13080,316.0804443359375
13081,307.5190124511719
13082,301.8211975097656
13083,277.408203125
13084,319.1693420410156
13085,363.2057800292969
13086,370.052490234375
13087,387.9100646972656
13088,389.845947265625
13089,396.0928649902344
13090,384.0309143066406
13091,429.5092468261719
13092,461.6354675292969
13093,456.2932434082031
13094,470.5419006347656
13095,482.3127136230469
13096,460.6153869628906
13097,524.3054809570312
13098,430.9440612792969
13099,391.2809143066406
13100,324.319091796875
13101,331.89276123046875
13102,263.605224609375
13103,330.8814697265625
13104,357.9908142089844
13105,324.3531799316406
13106,311.4184265136719
13107,347.3670959472656
13108,343.2454528808594
13109,344.6575012207031
13110,431.8857421875
13111,404.2173156738281
13112,409.9994201660156
13113,454.241455078125
13114,434.9997863769531
13115,428.1481018066406
13116,450.5469970703125
13117,385.0457458496094
13118,428.736083984375
13119,402.7770080566406
13120,277.6434020996094
13121,275.4065856933594
13122,320.2376403808594
13123,312.0353698730469
13124,309.7816467285156
13125,324.56634521484375
13126,308.6008605957031
13127,317.6916809082031
13128,306.8498840332031
13129,312.0108337402344
13130,334.2716369628906
13131,323.70654296875
13132,249.33164978027344
13133,244.0443115234375
13134,251.0492706298828
13135,239.5372772216797
13136,234.3703155517578
13137,236.93235778808594
13138,248.3113555908203
13139,265.5996398925781
13140,255.1883544921875
13141,255.591552734375
13142,236.9143829345703
13143,253.8582763671875
13144,262.6135559082031
13145,250.50616455078125
13146,279.6745300292969
13147,275.1239013671875
13148,282.4208984375
13149,290.9447021484375
13150,280.2786560058594
13151,237.1298370361328
13152,211.72802734375
13153,214.23760986328125
13154,215.7901153564453
13155,222.76649475097656
13156,185.3145294189453
13157,183.66400146484375
13158,180.68519592285156
13159,202.5543975830078
13160,173.1022491455078
13161,152.32809448242188
13162,155.39111328125
13163,173.0172119140625
13164,173.65818786621094
13165,232.3203887939453
13166,239.249755859375
13167,250.9139862060547
13168,254.55189514160156
13169,263.3241271972656
13170,328.1148681640625
13171,250.2029266357422
13172,238.328369140625
13173,234.32054138183594
13174,219.22882080078125
13175,204.68377685546875
13176,207.8462677001953
13177,224.3921661376953
13178,217.13194274902344
13179,222.1542510986328
13180,213.68194580078125
13181,208.1037139892578
13182,244.6834716796875
13183,235.1957244873047
13184,224.4810028076172
13185,231.8628692626953
13186,218.806396484375
13187,230.2195281982422
13188,222.75
13189,232.06512451171875
13190,225.4176483154297
13191,217.9458770751953
13192,215.5415496826172
13193,222.7779998779297
13194,226.15501403808594
13195,205.6140899658203
13196,199.0883026123047
13197,209.9966278076172
13198,205.82896423339844
13199,208.37799072265625
13200,195.8820037841797
13201,205.9987030029297
13202,215.03924560546875
13203,249.8917999267578
13204,294.3468933105469
13205,300.97003173828125
13206,296.1175231933594
13207,306.0365905761719
13208,307.4209289550781
13209,294.2843933105469
13210,303.0060729980469
13211,313.09625244140625
13212,318.62408447265625
13213,252.03062438964844
13214,231.2816925048828
13215,224.2397918701172
13216,218.8074493408203
13217,245.49427795410156
13218,265.0003967285156
13219,227.1307373046875
13220,234.2732391357422
13221,303.3720397949219
13222,384.992431640625
13223,443.0787658691406
13224,441.6492614746094
13225,459.1607360839844
13226,459.5141296386719
13227,461.345947265625
13228,481.8540954589844
13229,491.7169189453125
13230,475.37939453125
13231,485.2209167480469
13232,461.7019348144531
13233,435.1293029785156
13234,442.1573486328125
13235,428.2718505859375
13236,401.208984375
13237,379.6408996582031
13238,396.8181457519531
13239,426.5746154785156
13240,404.5979919433594
13241,392.523681640625
13242,411.044189453125
13243,411.11083984375
13244,444.3783874511719
13245,519.8381958007812
13246,609.460205078125
13247,614.2090454101562
13248,569.0911254882812
13249,668.6384887695312
13250,608.5213623046875
13251,541.08740234375
13252,565.6945190429688
13253,597.8790893554688
13254,578.2265625
13255,574.6965942382812
13256,566.9143676757812
13257,593.0014038085938
13258,612.5877075195312
13259,634.76416015625
13260,741.611572265625
13261,724.850341796875
13262,723.8896484375
13263,731.9657592773438
13264,690.51123046875
13265,696.3137817382812
13266,661.9866333007812
13267,709.1648559570312
13268,807.5
13269,621.4398803710938
13270,600.7041625976562
13271,624.5438842773438
13272,678.5196533203125
13273,681.5896606445312
13274,661.408203125
13275,679.511962890625
13276,653.0046997070312
13277,664.740478515625
13278,593.1567993164062
13279,568.7042236328125
13280,593.1597290039062
13281,738.1161499023438
13282,981.5691528320312
13283,1468.7301025390625
13284,1525.0750732421875
13285,1597.67919921875
13286,1583.07421875
13287,1606.4293212890625
13288,1648.6888427734375
13289,1659.2266845703125
13290,1884.32861328125
13291,2128.8994140625
13292,1963.14453125
13293,1798.48876953125
13294,1704.2796630859375
13295,1888.1224365234375
13296,2000.8828125
13297,1768.8985595703125
13298,1779.5098876953125
13299,1852.3271484375
13300,1790.677734375
13301,1696.6434326171875
13302,1789.9622802734375
13303,1820.7337646484375
13304,1812.41064453125
13305,1731.7373046875
13306,1821.0931396484375
13307,1806.8431396484375
13308,1654.8182373046875
13309,1821.8765869140625
13310,1877.6920166015625
13311,1869.3001708984375
13312,1799.1265869140625
13313,1945.75
13314,2016.0107421875
13315,1923.7015380859375
13316,1610.66796875
13317,1459.64794921875
13318,1725.5396728515625
13319,1598.0299072265625
13320,1593.1539306640625
13321,1668.1400146484375
13322,1666.3746337890625
13323,1659.3941650390625
13324,1719.0394287109375
13325,1703.0042724609375
13326,1833.8179931640625
13327,1804.7696533203125
13328,1737.2984619140625
13329,1437.4500732421875
13330,1063.4249267578125
13331,1164.1627197265625
13332,1056.20654296875
13333,1116.2288818359375
13334,1060.1383056640625
13335,1120.2672119140625
13336,1100.9217529296875
13337,1135.1121826171875
13338,1121.00537109375
13339,1159.7994384765625
13340,926.1780395507812
13341,1036.425537109375
13342,1066.97021484375
13343,1191.6182861328125
13344,1263.8916015625
13345,1530.9990234375
13346,1204.752685546875
13347,1161.7725830078125
13348,1186.4761962890625
13349,1153.79248046875
13350,959.7189331054688
13351,822.67578125
13352,810.79150390625
13353,821.214599609375
13354,824.962646484375
13355,801.7975463867188
13356,847.3919067382812
13357,960.02880859375
13358,784.5879516601562
13359,793.314453125
13360,762.2749633789062
13361,717.4998168945312
13362,716.8994140625
13363,802.785888671875
13364,878.3975219726562
13365,754.1078491210938
13366,754.3972778320312
13367,739.14111328125
13368,795.8914184570312
13369,726.612548828125
13370,760.57421875
13371,757.7710571289062
13372,779.16943359375
13373,671.1187744140625
13374,746.9270629882812
13375,739.7355346679688
13376,827.8712768554688
13377,949.1870727539062
13378,744.9662475585938
13379,681.8442993164062
13380,628.4520874023438
13381,615.9437866210938
13382,592.7169799804688
13383,535.0431518554688
13384,522.9203491210938
13385,553.0729370117188
13386,590.7723388671875
13387,574.8435668945312
13388,632.9415283203125
13389,838.1728515625
13390,631.8905639648438
13391,455.0082092285156
13392,402.2549133300781
13393,434.7453308105469
13394,448.78466796875
13395,509.2261657714844
13396,590.86767578125
13397,687.9541015625
13398,518.16943359375
13399,351.0604553222656
13400,342.88037109375
13401,278.339111328125
13402,313.9976806640625
13403,325.5661926269531
13404,207.5331268310547
13405,196.374267578125
13406,197.39019775390625
13407,172.6095428466797
13408,151.56678771972656
13409,123.6551284790039
13410,134.3389892578125
13411,125.953369140625
13412,124.27889251708984
13413,102.77777099609375
13414,100.99773406982422
13415,89.3291015625
13416,118.2010269165039
13417,125.70074462890625
13418,116.76235961914062
13419,129.9258575439453
13420,118.83141326904297
13421,120.0303726196289
13422,97.12328338623047
13423,114.0660629272461
13424,128.7816162109375
13425,120.2838363647461
13426,110.45540618896484
13427,111.82650756835938
13428,119.69681549072266
13429,131.6257781982422
13430,134.24850463867188
13431,139.71055603027344
13432,140.37208557128906
13433,150.86412048339844
13434,144.8223419189453
13435,151.48133850097656
13436,152.71878051757812
13437,150.83697509765625
13438,149.4989776611328
13439,158.16197204589844
13440,165.3109588623047
13441,174.90748596191406
13442,179.16632080078125
13443,190.4090118408203
13444,206.99456787109375
13445,265.8679504394531
13446,299.1477966308594
13447,319.8868713378906
13448,344.5131530761719
13449,375.1813049316406
13450,378.2178649902344
13451,354.1587219238281
13452,279.5221862792969
13453,268.94970703125
13454,319.7141418457031
13455,336.1925354003906
13456,337.00152587890625
13457,333.5309143066406
13458,329.7156677246094
13459,311.9226989746094
13460,314.5206604003906
13461,339.3220520019531
13462,371.3729553222656
13463,369.3046569824219
13464,281.3653869628906
13465,291.57806396484375
13466,318.8902893066406
13467,315.8309631347656
13468,335.9766540527344
13469,284.5677490234375
13470,335.65869140625
13471,238.22840881347656
13472,230.1212158203125
13473,250.8767852783203
13474,302.29864501953125
13475,287.5133056640625
13476,219.971435546875
13477,210.4433135986328
13478,192.20619201660156
13479,219.12403869628906
13480,242.0589599609375
13481,266.4466552734375
13482,254.6503448486328
13483,274.5218505859375
13484,294.5783996582031
13485,318.56414794921875
13486,349.0234375
13487,295.8494567871094
13488,277.904296875
13489,298.4557189941406
13490,273.5914306640625
13491,227.42530822753906
13492,172.6006622314453
13493,135.61326599121094
13494,143.0518341064453
13495,140.52342224121094
13496,148.8353271484375
13497,140.228515625
13498,147.2318572998047
13499,184.244384765625
13500,205.9170684814453
13501,207.2835693359375
13502,204.51287841796875
13503,212.20068359375
13504,205.4958953857422
13505,204.4298095703125
13506,210.8802490234375
13507,211.5083770751953
13508,210.392578125
13509,208.7589874267578
13510,203.05067443847656
13511,216.5452117919922
13512,223.1720428466797
13513,207.9920196533203
13514,228.0225372314453
13515,217.2900390625
13516,256.6750183105469
13517,259.7431640625
13518,255.4676513671875
13519,255.5614776611328
13520,274.4100646972656
13521,241.34523010253906
13522,253.0039520263672
13523,310.6567687988281
13524,326.2127380371094
13525,386.5205078125
13526,378.9979553222656
13527,365.61279296875
13528,342.2616882324219
13529,337.5106201171875
13530,358.6830139160156
13531,279.11785888671875
13532,282.3404541015625
13533,316.5897216796875
13534,291.8599548339844
13535,293.9710998535156
13536,300.3318786621094
13537,296.1314392089844
13538,318.072265625
13539,340.95904541015625
13540,339.2969055175781
13541,354.9149169921875
13542,318.3005676269531
13543,321.8100280761719
13544,324.2471008300781
13545,310.6821594238281
13546,247.10231018066406
13547,222.9723663330078
13548,214.9128875732422
13549,230.2902374267578
13550,262.560302734375
13551,243.1184844970703
13552,217.1315155029297
13553,196.28932189941406
13554,206.05157470703125
13555,259.8165283203125
13556,254.8268585205078
13557,261.4122009277344
13558,238.36390686035156
13559,241.82395935058594
13560,239.40679931640625
13561,249.2853546142578
13562,254.2159423828125
13563,268.7236633300781
13564,229.4404296875
13565,223.8792266845703
13566,222.9879913330078
13567,224.0126495361328
13568,235.46710205078125
13569,264.1324768066406
13570,270.2488098144531
13571,168.1131134033203
13572,171.09051513671875
13573,146.1260528564453
13574,133.8126678466797
13575,131.368408203125
13576,125.7304458618164
13577,126.25469970703125
13578,130.36683654785156
13579,123.07958984375
13580,141.4141387939453
13581,147.934326171875
13582,139.88453674316406
13583,128.1919403076172
13584,134.9375457763672
13585,147.75930786132812
13586,143.74456787109375
13587,139.8643341064453
13588,115.71378326416016
13589,128.7374267578125
13590,152.3243865966797
13591,148.965087890625
13592,150.75437927246094
13593,144.6799774169922
13594,151.48806762695312
13595,139.1059112548828
13596,144.21681213378906
13597,134.74310302734375
13598,130.4999542236328
13599,140.2855682373047
13600,136.12750244140625
13601,135.96348571777344
13602,124.07623291015625
13603,142.84974670410156
13604,99.76943969726562
13605,110.7195816040039
13606,113.78699493408203
13607,99.31568145751953
13608,98.05401611328125
13609,100.44451904296875
13610,113.16412353515625
13611,107.3948745727539
13612,110.98677825927734
13613,94.1991958618164
13614,99.75138092041016
13615,97.58411407470703
13616,141.74362182617188
13617,157.4495849609375
13618,163.42808532714844
13619,154.87513732910156
13620,168.6178741455078
13621,189.174072265625
13622,214.58668518066406
13623,223.3830108642578
13624,230.1791229248047
13625,245.2627716064453
13626,230.03257751464844
13627,231.8307647705078
13628,242.2230682373047
13629,244.37127685546875
13630,251.42466735839844
13631,276.6346435546875
13632,279.2237243652344
13633,256.9476318359375
13634,273.8852844238281
13635,241.27171325683594
13636,220.52943420410156
13637,204.2606658935547
13638,214.234619140625
13639,191.1497039794922
13640,204.5907440185547
13641,205.6208038330078
13642,273.5188903808594
13643,331.3984069824219
13644,526.1163940429688
13645,654.4448852539062
13646,656.4075927734375
13647,668.907470703125
13648,868.5439453125
13649,1002.3390502929688
13650,1103.6400146484375
13651,1164.8126220703125
13652,1140.1627197265625
13653,1064.4478759765625
13654,1126.0318603515625
13655,1149.013916015625
13656,1285.4429931640625
13657,1326.32861328125
13658,1339.22216796875
13659,1332.5736083984375
13660,1388.2037353515625
13661,1331.3128662109375
13662,1516.7760009765625
13663,1573.5589599609375
13664,1313.8218994140625
13665,1384.4595947265625
13666,1350.902099609375
13667,1453.35888671875
13668,1474.7750244140625
13669,1173.3321533203125
13670,1233.4990234375
13671,1212.7630615234375
13672,1297.27392578125
13673,1356.5933837890625
13674,1519.3922119140625
13675,1743.1142578125
13676,1867.2313232421875
13677,1908.6575927734375
13678,1972.4652099609375
13679,1990.4818115234375
13680,1945.51806640625
13681,2055.762451171875
13682,2024.2105712890625
13683,2053.428955078125
13684,2043.3739013671875
13685,2150.709228515625
13686,2210.9775390625
13687,2305.658203125
13688,2152.835205078125
13689,2206.997314453125
13690,1677.3931884765625
13691,1519.3521728515625
13692,1219.4315185546875
13693,1154.3941650390625
13694,1194.0665283203125
13695,1165.6949462890625
13696,638.0801391601562
13697,633.5005493164062
13698,701.35986328125
13699,646.3602905273438
13700,700.2831420898438
13701,764.650390625
13702,768.4044799804688
13703,782.6494140625
13704,906.4817504882812
13705,870.221923828125
13706,752.483154296875
13707,793.3894653320312
13708,752.6543579101562
13709,743.69873046875
13710,906.3115234375
13711,914.78564453125
13712,786.8655395507812
13713,983.61279296875
13714,961.7031860351562
13715,924.4669799804688
13716,899.93017578125
13717,787.1052856445312
13718,773.0173950195312
13719,705.8113403320312
13720,809.64208984375
13721,794.6438598632812
13722,869.6025390625
13723,1061.865478515625
13724,1146.72314453125
13725,1040.3641357421875
13726,1141.3890380859375
13727,1155.5755615234375
13728,1158.4378662109375
13729,1212.51611328125
13730,1106.0677490234375
13731,920.5850219726562
13732,850.678955078125
13733,1012.2062377929688
13734,793.15576171875
13735,665.1126708984375
13736,625.9656372070312
13737,661.296142578125
13738,651.3224487304688
13739,577.8633422851562
13740,524.2763061523438
13741,484.0559997558594
13742,536.0819091796875
13743,496.6832275390625
13744,517.4255981445312
13745,549.533203125
13746,520.6757202148438
13747,698.1421508789062
13748,472.839599609375
13749,413.5170593261719
13750,349.1885681152344
13751,353.2185974121094
13752,339.8931579589844
13753,322.6434326171875
13754,333.8157653808594
13755,302.3699035644531
13756,359.168701171875
13757,287.8267517089844
13758,310.9571533203125
13759,336.48779296875
13760,331.3063659667969
13761,296.0710144042969
13762,277.3681640625
13763,269.1213073730469
13764,269.5054016113281
13765,289.620361328125
13766,309.5497741699219
13767,284.7878112792969
13768,277.5747375488281
13769,282.45159912109375
13770,297.531982421875
13771,277.75958251953125
13772,274.29888916015625
13773,270.0606384277344
13774,274.59381103515625
13775,278.3892517089844
13776,238.2286376953125
13777,229.25999450683594
13778,231.1204376220703
13779,343.31787109375
13780,251.1412811279297
13781,257.9953918457031
13782,284.264404296875
13783,238.56494140625
13784,288.65228271484375
13785,253.3701171875
13786,246.5619354248047
13787,229.0321044921875
13788,253.7212371826172
13789,195.7188720703125
13790,205.86509704589844
13791,197.2115478515625
13792,192.2354736328125
13793,178.2670135498047
13794,189.5196075439453
13795,271.0818786621094
13796,294.4734191894531
13797,313.6156921386719
13798,312.6328430175781
13799,328.6268005371094
13800,327.481689453125
13801,332.1486511230469
13802,333.40740966796875
13803,323.9525146484375
13804,344.273193359375
13805,330.0858459472656
13806,266.3130187988281
13807,286.9200744628906
13808,277.8842468261719
13809,236.6672821044922
13810,238.9672393798828
13811,219.82623291015625
13812,210.81719970703125
13813,209.4691925048828
13814,204.2677459716797
13815,228.30006408691406
13816,232.45501708984375
13817,230.1045379638672
13818,249.7056121826172
13819,250.9488067626953
13820,257.3320617675781
13821,274.70263671875
13822,318.8858947753906
13823,330.5190124511719
13824,331.2002868652344
13825,357.7824401855469
13826,345.8673095703125
13827,307.9964904785156
13828,296.0384826660156
13829,293.9539794921875
13830,299.2787170410156
13831,314.7199401855469
13832,296.2874755859375
13833,313.0566711425781
13834,339.2503662109375
13835,309.2999572753906
13836,298.0560302734375
13837,335.2786865234375
13838,323.1016540527344
13839,321.3758544921875
13840,345.6852111816406
13841,357.3689880371094
13842,251.8733367919922
13843,241.0753631591797
13844,249.269775390625
13845,236.7575225830078
13846,234.28277587890625
13847,269.368408203125
13848,261.9117736816406
13849,305.0220031738281
13850,299.0092468261719
13851,280.663330078125
13852,313.4590148925781
13853,340.7634582519531
13854,410.9093322753906
13855,410.056640625
13856,381.9142150878906
13857,378.4088439941406
13858,390.7361755371094
13859,354.0723876953125
13860,344.7477722167969
13861,391.04296875
13862,421.6007385253906
13863,339.0220947265625
13864,352.3182067871094
13865,381.6842041015625
13866,360.8661193847656
13867,331.7493591308594
13868,299.62713623046875
13869,213.28684997558594
13870,201.00872802734375
13871,196.6243896484375
13872,192.27142333984375
13873,195.497802734375
13874,197.28582763671875
13875,215.21435546875
13876,235.4364776611328
13877,193.701904296875
13878,181.1645050048828
13879,171.05462646484375
13880,178.1628875732422
13881,183.37713623046875
13882,194.683349609375
13883,154.8253173828125
13884,159.70376586914062
13885,185.71189880371094
13886,168.31288146972656
13887,148.15594482421875
13888,159.3488006591797
13889,162.01979064941406
13890,175.4465789794922
13891,172.5977020263672
13892,159.32408142089844
13893,177.48814392089844
13894,169.58834838867188
13895,145.17898559570312
13896,137.31549072265625
13897,133.1129608154297
13898,131.3182373046875
13899,140.52671813964844
13900,130.8855438232422
13901,124.70304107666016
13902,156.8898468017578
13903,113.3638916015625
13904,95.46988677978516
13905,82.2439956665039
13906,79.7706527709961
13907,78.640380859375
13908,78.5988998413086
13909,80.95108032226562
13910,78.91072845458984
13911,75.27982330322266
13912,79.23986053466797
13913,98.5703353881836
13914,66.15850067138672
13915,76.2984390258789
13916,66.78746795654297
13917,70.01844024658203
13918,77.81409454345703
13919,69.31721496582031
13920,69.22112274169922
13921,64.63459014892578
13922,63.98359680175781
13923,61.656036376953125
13924,67.31983184814453
13925,63.65104293823242
13926,67.78876495361328
13927,75.12715148925781
13928,63.2651481628418
13929,58.91802978515625
13930,56.91432189941406
13931,63.45169448852539
13932,57.956695556640625
13933,62.296722412109375
13934,62.17425537109375
13935,61.30125045776367
13936,48.82057571411133
13937,46.19573974609375
13938,44.89973068237305
13939,44.95396041870117
13940,50.709381103515625
13941,54.0712890625
13942,36.78019714355469
13943,30.01716423034668
13944,44.57725524902344
13945,27.300796508789062
13946,27.235082626342773
13947,32.206607818603516
13948,32.54243087768555
13949,30.734708786010742
13950,36.6339225769043
13951,31.60057258605957
13952,28.206253051757812
13953,27.682785034179688
13954,27.283233642578125
13955,24.359525680541992
13956,25.4930477142334
13957,27.681428909301758
13958,30.946701049804688
13959,17.320993423461914
13960,19.6180419921875
13961,17.988256454467773
13962,19.2161808013916
13963,18.973068237304688
13964,19.447723388671875
13965,19.81659507751465
13966,30.606985092163086
13967,32.645389556884766
13968,33.077972412109375
13969,32.47154235839844
13970,34.331268310546875
13971,35.6499137878418
13972,40.8936882019043
13973,42.90983963012695
13974,30.810226440429688
13975,32.77530288696289
13976,26.55430793762207
13977,28.66758155822754
13978,28.893407821655273
13979,32.09260559082031
13980,30.843210220336914
13981,29.8680362701416
13982,30.505945205688477
13983,28.60341453552246
13984,29.5218563079834
13985,33.40422821044922
13986,93.61502838134766
13987,95.42102813720703
13988,102.07305908203125
13989,104.01404571533203
13990,105.08749389648438
13991,205.87940979003906
13992,278.5799560546875
13993,284.7073669433594
13994,302.00372314453125
13995,306.7843322753906
13996,313.3863220214844
13997,305.9291076660156
13998,301.47314453125
13999,302.931396484375
14000,292.94427490234375
14001,303.09124755859375
14002,309.3712158203125
14003,318.2806701660156
14004,363.7815856933594
14005,420.4238586425781
14006,412.2970886230469
14007,464.6507263183594
14008,579.1240844726562
14009,580.7660522460938
14010,610.3777465820312
14011,613.12939453125
14012,602.3402709960938
14013,596.241455078125
14014,580.5809936523438
14015,655.4138793945312
14016,673.661865234375
14017,697.4048461914062
14018,759.3165893554688
14019,757.51416015625
14020,747.48583984375
14021,791.3712768554688
14022,829.1023559570312
14023,834.9634399414062
14024,849.6282348632812
14025,853.3327026367188
14026,878.1362915039062
14027,910.3474731445312
14028,903.083984375
14029,901.1112670898438
14030,1041.8111572265625
14031,1102.0108642578125
14032,1235.6954345703125
14033,1197.5286865234375
14034,1037.3426513671875
14035,1186.35693359375
14036,1067.7509765625
14037,1178.865234375
14038,1188.5452880859375
14039,808.9240112304688
14040,828.4302368164062
14041,929.2056274414062
14042,868.2841796875
14043,977.8532104492188
14044,1054.51708984375
14045,1044.92626953125
14046,1053.1168212890625
14047,1028.7364501953125
14048,1216.7086181640625
14049,1252.2967529296875
14050,1083.33203125
14051,1108.25732421875
14052,929.095703125
14053,879.0178833007812
14054,947.164306640625
14055,814.17236328125
14056,694.5075073242188
14057,788.1162109375
14058,772.9884643554688
14059,784.3756713867188
14060,871.9910278320312
14061,768.4406127929688
14062,750.5437622070312
14063,666.6963500976562
14064,649.2318115234375
14065,643.2586669921875
14066,603.3037109375
14067,612.8464965820312
14068,598.59765625
14069,675.3948364257812
14070,644.705322265625
14071,655.9243774414062
14072,654.1400756835938
14073,642.8335571289062
14074,671.8546752929688
14075,678.9608764648438
14076,721.0529174804688
14077,765.3583984375
14078,650.2748413085938
14079,605.0819702148438
14080,553.13623046875
14081,560.9465942382812
14082,621.2185668945312
14083,539.6320190429688
14084,506.2149353027344
14085,504.34033203125
14086,554.2459106445312
14087,686.9254760742188
14088,667.7762451171875
14089,696.4509887695312
14090,978.0740356445312
14091,817.300048828125
14092,928.7135620117188
14093,829.5745239257812
14094,987.7714233398438
14095,873.886962890625
14096,1187.6907958984375
14097,1023.67626953125
14098,920.1624145507812
14099,810.4782104492188
14100,741.1849975585938
14101,1096.3941650390625
14102,829.9959106445312
14103,895.814697265625
14104,814.46533203125
14105,752.3574829101562
14106,654.2721557617188
14107,507.2862854003906
14108,462.9578552246094
14109,451.7205505371094
14110,386.2147521972656
14111,313.3948669433594
14112,326.3797607421875
14113,324.8971252441406
14114,346.8565979003906
14115,439.9312744140625
14116,438.2505798339844
14117,319.2610778808594
14118,403.0429382324219
14119,336.3436279296875
14120,237.21482849121094
14121,236.07806396484375
14122,185.85411071777344
14123,165.46629333496094
14124,153.0485076904297
14125,186.36805725097656
14126,177.76824951171875
14127,175.3482208251953
14128,195.24330139160156
14129,192.07403564453125
14130,188.3753204345703
14131,172.9573516845703
14132,168.2722625732422
14133,189.5545654296875
14134,145.3009033203125
14135,141.01397705078125
14136,153.6528778076172
14137,138.9981231689453
14138,138.72964477539062
14139,141.0606689453125
14140,141.3326873779297
14141,158.04095458984375
14142,163.65725708007812
14143,231.6612548828125
14144,304.9956359863281
14145,265.67474365234375
14146,255.8325958251953
14147,239.4864501953125
14148,244.83998107910156
14149,252.5179443359375
14150,285.7234802246094
14151,308.15362548828125
14152,276.6763916015625
14153,277.95440673828125
14154,258.0365905761719
14155,279.6991271972656
14156,286.8614196777344
14157,282.9192810058594
14158,282.9198303222656
14159,282.1059265136719
14160,282.8806457519531
14161,279.7766418457031
14162,276.9762878417969
14163,268.7921447753906
14164,289.0724792480469
14165,299.8588562011719
14166,302.5750732421875
14167,303.1089172363281
14168,320.9568176269531
14169,275.98974609375
14170,271.98046875
14171,276.9803466796875
14172,256.9986572265625
14173,256.7279357910156
14174,228.8279266357422
14175,222.6148681640625
14176,232.0973663330078
14177,384.6930236816406
14178,396.4676513671875
14179,378.5258483886719
14180,404.8387145996094
14181,429.8695983886719
14182,443.5792236328125
14183,424.4018859863281
14184,448.8761291503906
14185,486.5570068359375
14186,511.0934143066406
14187,504.4425354003906
14188,472.2935485839844
14189,450.6446838378906
14190,398.4186096191406
14191,343.9117126464844
14192,361.8686828613281
14193,350.1671447753906
14194,334.0956726074219
14195,320.5989074707031
14196,331.810302734375
14197,289.8268127441406
14198,310.2119445800781
14199,274.9510192871094
14200,292.2563781738281
14201,286.2012023925781
14202,301.9314880371094
14203,301.778076171875
14204,299.0099182128906
14205,272.1917724609375
14206,269.5455627441406
14207,258.0102233886719
14208,294.1307067871094
14209,320.1400451660156
14210,369.0458984375
14211,417.3722839355469
14212,402.9471130371094
14213,443.965087890625
14214,459.4213562011719
14215,472.2987365722656
14216,459.4336853027344
14217,468.5220642089844
14218,478.9634704589844
14219,510.5061950683594
14220,484.6837158203125
14221,515.195556640625
14222,455.0279541015625
14223,458.5740966796875
14224,360.2300720214844
14225,266.9424133300781
14226,234.9865264892578
14227,219.52207946777344
14228,225.0487060546875
14229,209.38014221191406
14230,238.5339813232422
14231,226.27503967285156
14232,214.8405303955078
14233,162.1392059326172
14234,165.6278076171875
14235,184.81427001953125
14236,195.8033447265625
14237,192.9825439453125
14238,208.5474090576172
14239,197.9986114501953
14240,183.5561065673828
14241,169.33384704589844
14242,168.302734375
14243,169.98875427246094
14244,169.3062286376953
14245,181.1685333251953
14246,162.4517364501953
14247,169.0862579345703
14248,198.0326385498047
14249,192.5803680419922
14250,196.88311767578125
14251,192.36082458496094
14252,174.7581329345703
14253,191.9584197998047
14254,186.4303436279297
14255,169.2263641357422
14256,121.7136001586914
14257,107.24686431884766
14258,115.89217376708984
14259,141.67958068847656
14260,90.93778228759766
14261,105.4424057006836
14262,103.97029876708984
14263,101.05960845947266
14264,96.28732299804688
14265,97.80461883544922
14266,98.18949127197266
14267,101.7294692993164
14268,99.09183502197266
14269,91.03176879882812
14270,92.00395965576172
14271,98.22756958007812
14272,126.44931030273438
14273,118.02728271484375
14274,122.7039794921875
14275,136.41392517089844
14276,148.58241271972656
14277,173.9060821533203
14278,177.3512725830078
14279,164.9295654296875
14280,163.3413543701172
14281,179.7662811279297
14282,115.59027099609375
14283,117.53946685791016
14284,97.82247924804688
14285,103.48971557617188
14286,106.0584487915039
14287,103.68875122070312
14288,106.61165618896484
14289,108.42842864990234
14290,108.25704193115234
14291,99.23983764648438
14292,100.33547973632812
14293,102.65215301513672
14294,120.63713836669922
14295,109.98099517822266
14296,103.025146484375
14297,99.47925567626953
14298,101.0067138671875
14299,97.76074981689453
14300,93.34456634521484
14301,96.7724380493164
14302,108.4030990600586
14303,117.0106201171875
14304,112.98934173583984
14305,111.58951568603516
14306,109.69286346435547
14307,112.47840118408203
14308,109.2705078125
14309,112.6670913696289
14310,141.80137634277344
14311,139.5634765625
14312,135.0509033203125
14313,142.12432861328125
14314,156.52474975585938
14315,150.21524047851562
14316,167.78924560546875
14317,166.77789306640625
14318,174.5529022216797
14319,180.05975341796875
14320,163.55506896972656
14321,175.9145965576172
14322,190.1741180419922
14323,155.7490997314453
14324,156.57020568847656
14325,142.39439392089844
14326,142.8799591064453
14327,138.4085693359375
14328,147.5131378173828
14329,159.99090576171875
14330,148.55894470214844
14331,150.52410888671875
14332,154.343994140625
14333,167.22299194335938
14334,195.75367736816406
14335,328.79644775390625
14336,340.7630615234375
14337,494.51953125
14338,496.868896484375
14339,512.3501586914062
14340,507.0943298339844
14341,515.1030883789062
14342,541.9779663085938
14343,535.7942504882812
14344,543.5661010742188
14345,552.705322265625
14346,581.9559326171875
14347,554.3864135742188
14348,558.3449096679688
14349,552.1173095703125
14350,580.3258666992188
14351,600.9617309570312
14352,744.8202514648438
14353,857.2272338867188
14354,899.0100708007812
14355,904.384765625
14356,926.654296875
14357,892.544189453125
14358,775.9230346679688
14359,793.3766479492188
14360,810.8489379882812
14361,773.4796752929688
14362,681.2780151367188
14363,686.2804565429688
14364,716.1303100585938
14365,892.5678100585938
14366,860.4450073242188
14367,893.5831909179688
14368,916.2140502929688
14369,957.3310546875
14370,982.9177856445312
14371,1006.7975463867188
14372,1054.7694091796875
14373,1073.0789794921875
14374,1118.3228759765625
14375,1129.2623291015625
14376,1254.4620361328125
14377,1340.1448974609375
14378,1369.75927734375
14379,1323.8238525390625
14380,1301.64306640625
14381,1221.8946533203125
14382,1077.45166015625
14383,897.7019653320312
14384,1182.41650390625
14385,910.8556518554688
14386,859.45458984375
14387,810.11181640625
14388,834.654541015625
14389,908.5475463867188
14390,878.033935546875
14391,838.3020629882812
14392,871.9408569335938
14393,1028.5289306640625
14394,1035.3524169921875
14395,1046.9869384765625
14396,1019.9157104492188
14397,1231.32958984375
14398,1372.2010498046875
14399,1398.3065185546875
14400,1032.9864501953125
14401,984.2280883789062
14402,944.57958984375
14403,1249.41259765625
14404,1300.008544921875
14405,1314.7825927734375
14406,1338.84814453125
14407,1328.3204345703125
14408,1314.4073486328125
14409,1432.9130859375
14410,1387.29638671875
14411,1491.6142578125
14412,1326.7716064453125
14413,1066.48291015625
14414,1098.4359130859375
14415,1094.58544921875
14416,1126.32958984375
14417,1119.0162353515625
14418,1139.51513671875
14419,1141.0823974609375
14420,1215.343505859375
14421,1391.9718017578125
14422,1497.7451171875
14423,1389.3111572265625
14424,1132.3704833984375
14425,1117.1312255859375
14426,1133.97705078125
14427,1134.5374755859375
14428,1267.2530517578125
14429,1071.5186767578125
14430,1053.6063232421875
14431,1038.406982421875
14432,1026.2471923828125
14433,1003.8019409179688
14434,1117.4107666015625
14435,1331.8978271484375
14436,1308.8369140625
14437,1329.8489990234375
14438,1404.1016845703125
14439,1348.5716552734375
14440,1284.7117919921875
14441,1346.688720703125
14442,1383.1995849609375
14443,1411.4088134765625
14444,1411.3162841796875
14445,1326.3701171875
14446,1324.4197998046875
14447,1208.1883544921875
14448,1185.229736328125
14449,1133.80615234375
14450,1216.057373046875
14451,1382.9783935546875
14452,1310.2816162109375
14453,1284.7586669921875
14454,1191.6129150390625
14455,1061.3123779296875
14456,1070.982421875
14457,1022.1904296875
14458,1053.205078125
14459,1090.5938720703125
14460,1065.1593017578125
14461,1001.7306518554688
14462,1165.94189453125
14463,1196.7274169921875
14464,964.8912963867188
14465,959.169677734375
14466,1060.9058837890625
14467,1078.025390625
14468,1057.5521240234375
14469,1491.25439453125
14470,1145.1767578125
14471,1261.2452392578125
14472,1171.115478515625
14473,967.4934692382812
14474,870.6950073242188
14475,871.592041015625
14476,827.1178588867188
14477,766.3898315429688
14478,704.4786987304688
14479,698.8279418945312
14480,684.4216918945312
14481,665.8185424804688
14482,854.2119140625
14483,1071.71484375
14484,594.0518798828125
14485,470.3307800292969
14486,426.14892578125
14487,395.6161193847656
14488,316.9178771972656
14489,236.9726104736328
14490,209.6460418701172
14491,166.0658416748047
14492,174.3173065185547
14493,142.47486877441406
14494,150.01087951660156
14495,165.5965118408203
14496,131.92408752441406
14497,118.7515869140625
14498,117.1056900024414
14499,106.3182144165039
14500,128.49461364746094
14501,130.7006378173828
14502,136.62625122070312
14503,127.27591705322266
14504,112.67221069335938
14505,100.6166000366211
14506,110.86691284179688
14507,127.3365249633789
14508,124.644775390625
14509,137.5330352783203
14510,140.65740966796875
14511,142.5973663330078
14512,149.3212432861328
14513,151.0811309814453
14514,151.83624267578125
14515,152.07310485839844
14516,147.65745544433594
14517,184.26171875
14518,206.1927947998047
14519,202.8937530517578
14520,183.58226013183594
14521,184.6378173828125
14522,200.72850036621094
14523,188.544921875
14524,185.6300506591797
14525,191.9272003173828
14526,191.80784606933594
14527,181.2580108642578
14528,180.80372619628906
14529,186.52540588378906
14530,191.5044708251953
14531,182.4503631591797
14532,182.86268615722656
14533,187.00311279296875
14534,198.2493133544922
14535,210.2432861328125
14536,200.32025146484375
14537,195.2911834716797
14538,190.8951416015625
14539,185.2683868408203
14540,206.886474609375
14541,219.6558380126953
14542,217.3276824951172
14543,228.1313018798828
14544,253.3372039794922
14545,250.0191650390625
14546,258.2223205566406
14547,261.5710144042969
14548,298.2403259277344
14549,293.13299560546875
14550,286.2766418457031
14551,310.2865905761719
14552,316.04443359375
14553,273.61859130859375
14554,226.2145233154297
14555,206.1767120361328
14556,182.5511474609375
14557,154.6288299560547
14558,142.41664123535156
14559,160.4738006591797
14560,182.2423095703125
14561,188.6529083251953
14562,184.5170440673828
14563,192.4757843017578
14564,191.94757080078125
14565,133.79222106933594
14566,146.89207458496094
14567,148.63555908203125
14568,153.60476684570312
14569,152.45635986328125
14570,155.0564727783203
14571,157.8611297607422
14572,183.8335418701172
14573,151.60304260253906
14574,169.67066955566406
14575,192.6802978515625
14576,200.3543243408203
14577,204.4059600830078
14578,187.88739013671875
14579,190.3887939453125
14580,166.10455322265625
14581,194.98974609375
14582,175.2262725830078
14583,164.73048400878906
14584,146.97274780273438
14585,177.2401580810547
14586,176.984130859375
14587,179.5208740234375
14588,179.17919921875
14589,189.2838134765625
14590,203.6652069091797
14591,177.3162384033203
14592,179.3607635498047
14593,194.132568359375
14594,187.4339599609375
14595,189.0076141357422
14596,191.9937744140625
14597,219.2211151123047
14598,227.30638122558594
14599,197.54689025878906
14600,206.1062774658203
14601,225.7647705078125
14602,201.20628356933594
14603,231.56842041015625
14604,242.7599334716797
14605,264.63494873046875
14606,233.5010528564453
14607,193.2149200439453
14608,184.41783142089844
14609,199.4197998046875
14610,218.50343322753906
14611,221.72862243652344
14612,238.5363006591797
14613,240.2717742919922
14614,207.8201141357422
14615,206.368408203125
14616,221.90545654296875
14617,221.77320861816406
14618,210.0030517578125
14619,211.27818298339844
14620,207.83616638183594
14621,207.3572540283203
14622,195.3938446044922
14623,194.3314971923828
14624,191.05567932128906
14625,218.71714782714844
14626,243.24212646484375
14627,220.85044860839844
14628,228.5313262939453
14629,221.40966796875
14630,234.66807556152344
14631,257.3200988769531
14632,233.04701232910156
14633,214.1484375
14634,217.8311004638672
14635,206.5757293701172
14636,200.83058166503906
14637,212.7036895751953
14638,212.7875213623047
14639,222.5900115966797
14640,202.59393310546875
14641,209.0579071044922
14642,215.3674774169922
14643,223.8373565673828
14644,221.1707763671875
14645,230.94189453125
14646,224.0057830810547
14647,223.4100341796875
14648,221.04490661621094
14649,234.29144287109375
14650,249.27073669433594
14651,302.4666748046875
14652,196.24440002441406
14653,191.3020477294922
14654,203.0987091064453
14655,214.6868896484375
14656,235.9335479736328
14657,180.1678009033203
14658,182.8631134033203
14659,173.5410614013672
14660,166.63723754882812
14661,171.9336700439453
14662,171.32286071777344
14663,174.60638427734375
14664,180.8553924560547
14665,186.8651580810547
14666,199.02783203125
14667,187.2379150390625
14668,193.9615936279297
14669,189.0286865234375
14670,197.12290954589844
14671,188.7986297607422
14672,197.6997833251953
14673,166.2132110595703
14674,159.67591857910156
14675,183.6717529296875
14676,173.2400360107422
14677,173.6325225830078
14678,184.2499237060547
14679,225.2106475830078
14680,165.74488830566406
14681,167.5947723388672
14682,183.9952850341797
14683,182.86907958984375
14684,173.8389129638672
14685,179.6118621826172
14686,243.38433837890625
14687,219.9949188232422
14688,167.66261291503906
14689,180.7045440673828
14690,182.3912811279297
14691,157.1747283935547
14692,143.83238220214844
14693,122.80374145507812
14694,107.22855377197266
14695,111.95852661132812
14696,111.98392486572266
14697,114.22420501708984
14698,116.83154296875
14699,117.54833984375
14700,107.6424789428711
14701,110.21842193603516
14702,163.1284637451172
14703,205.8727569580078
14704,197.48583984375
14705,197.66236877441406
14706,197.3067169189453
14707,198.9268341064453
14708,206.03831481933594
14709,214.74937438964844
14710,205.3672332763672
14711,203.25762939453125
14712,172.31500244140625
14713,184.0541534423828
14714,180.51039123535156
14715,175.94691467285156
14716,214.8248291015625
14717,212.8264617919922
14718,269.5718994140625
14719,269.3172912597656
14720,269.33477783203125
14721,274.7784729003906
14722,282.7838134765625
14723,261.9500427246094
14724,265.25543212890625
14725,271.3447570800781
14726,288.323486328125
14727,307.2173767089844
14728,308.6441650390625
14729,305.6465759277344
14730,272.729736328125
14731,290.3009338378906
14732,297.940673828125
14733,291.0996398925781
14734,316.66546630859375
14735,308.3231201171875
14736,306.75048828125
14737,399.6351013183594
14738,359.302001953125
14739,363.095703125
14740,372.0142822265625
14741,408.6737060546875
14742,528.6709594726562
14743,608.3538208007812
14744,625.4166870117188
14745,577.7662963867188
14746,598.9534301757812
14747,625.5359497070312
14748,634.6525268554688
14749,559.6458740234375
14750,482.1651306152344
14751,476.5993347167969
14752,475.8931884765625
14753,549.6327514648438
14754,584.9652709960938
14755,675.7207641601562
14756,919.916748046875
14757,970.531982421875
14758,996.1071166992188
14759,832.0253295898438
14760,814.22021484375
14761,931.5006713867188
14762,998.2272338867188
14763,992.2041015625
14764,940.0967407226562
14765,1039.686279296875
14766,982.9474487304688
14767,1069.31689453125
14768,974.3889770507812
14769,1084.2835693359375
14770,1170.6431884765625
14771,1183.181396484375
14772,1210.4371337890625
14773,1130.0382080078125
14774,1199.913330078125
14775,1157.7933349609375
14776,1296.4593505859375
14777,1260.2469482421875
14778,1428.2958984375
14779,1530.384765625
14780,1473.619140625
14781,1351.40283203125
14782,1509.0885009765625
14783,1609.478515625
14784,1526.455078125
14785,1247.406005859375
14786,1216.4381103515625
14787,1300.49169921875
14788,1233.4796142578125
14789,962.4080200195312
14790,857.3440551757812
14791,887.8178100585938
14792,905.1267700195312
14793,948.593505859375
14794,904.3356323242188
14795,860.9088745117188
14796,865.0545043945312
14797,931.6293334960938
14798,913.1985473632812
14799,936.9462890625
14800,1013.6301879882812
14801,850.0518188476562
14802,782.3027954101562
14803,685.0695190429688
14804,724.1320190429688
14805,612.2997436523438
14806,668.6127319335938
14807,653.0265502929688
14808,603.0188598632812
14809,650.5914306640625
14810,729.1843872070312
14811,771.683349609375
14812,843.4149780273438
14813,1090.1029052734375
14814,990.2262573242188
14815,917.3412475585938
14816,896.83203125
14817,1099.9049072265625
14818,1025.9229736328125
14819,892.4431762695312
14820,794.0003051757812
14821,709.7844848632812
14822,673.2086791992188
14823,785.39404296875
14824,718.78857421875
14825,792.994384765625
14826,818.4486694335938
14827,732.2315063476562
14828,586.8310546875
14829,550.2229614257812
14830,705.3823852539062
14831,593.4155883789062
14832,851.7515258789062
14833,484.9963073730469
14834,462.143310546875
14835,463.5025634765625
14836,473.8563232421875
14837,433.389892578125
14838,417.374267578125
14839,465.038330078125
14840,445.8836975097656
14841,614.8701171875
14842,407.4760437011719
14843,326.4922790527344
14844,423.8948059082031
14845,371.1299743652344
14846,373.0582580566406
14847,404.021728515625
14848,497.6361389160156
14849,423.5009765625
14850,435.7516174316406
14851,357.5513000488281
14852,352.5917053222656
14853,337.5975036621094
14854,327.1124572753906
14855,313.9626159667969
14856,271.9239501953125
14857,261.1932678222656
14858,259.0963134765625
14859,192.4485626220703
14860,168.28726196289062
14861,156.9226837158203
14862,169.00697326660156
14863,159.49693298339844
14864,153.84832763671875
14865,152.10186767578125
14866,141.8611297607422
14867,138.0672607421875
14868,150.3756561279297
14869,152.0120849609375
14870,139.61900329589844
14871,147.88241577148438
14872,142.6998291015625
14873,150.71092224121094
14874,138.26889038085938
14875,130.5309295654297
14876,135.84205627441406
14877,132.12892150878906
14878,126.6146469116211
14879,125.4391860961914
14880,123.50003051757812
14881,140.72801208496094
14882,148.85968017578125
14883,161.9947052001953
14884,171.95361328125
14885,179.58934020996094
14886,200.6588592529297
14887,236.8059844970703
14888,200.3829345703125
14889,192.1302032470703
14890,240.8018035888672
14891,231.9378662109375
14892,212.76319885253906
14893,183.54624938964844
14894,151.5851287841797
14895,163.98353576660156
14896,174.3961944580078
14897,137.88673400878906
14898,124.44518280029297
14899,134.08164978027344
14900,195.02232360839844
14901,209.72930908203125
14902,202.71075439453125
14903,178.5693359375
14904,166.1394500732422
14905,161.58030700683594
14906,178.011474609375
14907,153.7429962158203
14908,151.7004852294922
14909,147.6182098388672
14910,149.2184600830078
14911,142.18353271484375
14912,147.22267150878906
14913,147.14187622070312
14914,145.4696502685547
14915,139.5150909423828
14916,163.87657165527344
14917,181.7307891845703
14918,159.88548278808594
14919,156.64488220214844
14920,155.55731201171875
14921,149.16590881347656
14922,155.55177307128906
14923,165.64857482910156
14924,180.0127716064453
14925,216.0884246826172
14926,269.6563720703125
14927,287.51922607421875
14928,288.8813781738281
14929,311.4128723144531
14930,327.9554748535156
14931,316.8122863769531
14932,335.0056457519531
14933,353.948486328125
14934,361.1555480957031
14935,322.59283447265625
14936,309.2976379394531
14937,275.5580139160156
14938,286.2798767089844
14939,309.7751770019531
14940,290.2342834472656
14941,313.2259826660156
14942,297.8186950683594
14943,280.4342041015625
14944,309.5525817871094
14945,282.8974914550781
14946,311.6364440917969
14947,226.6940155029297
14948,179.65834045410156
14949,175.3324432373047
14950,179.383544921875
14951,191.9510955810547
14952,199.6022491455078
14953,204.88818359375
14954,212.10003662109375
14955,238.9403076171875
14956,242.0748291015625
14957,262.1936340332031
14958,262.4106750488281
14959,276.9181213378906
14960,293.2337646484375
14961,317.9910583496094
14962,325.3155212402344
14963,322.7907409667969
14964,249.2295379638672
14965,265.0069274902344
14966,333.0206604003906
14967,302.0863342285156
14968,297.40570068359375
14969,265.6896667480469
14970,267.3251037597656
14971,238.4720916748047
14972,182.76817321777344
14973,142.21359252929688
14974,136.8245849609375
14975,142.47222900390625
14976,123.93814849853516
14977,130.7949676513672
14978,154.9791259765625
14979,155.5677032470703
14980,152.09625244140625
14981,132.91708374023438
14982,137.0096435546875
14983,152.38926696777344
14984,156.52127075195312
14985,144.55308532714844
14986,145.19522094726562
14987,133.1979522705078
14988,117.53597259521484
14989,110.8173828125
14990,120.455322265625
14991,124.44598388671875
14992,123.44931030273438
14993,108.91973114013672
14994,119.91433715820312
14995,125.92950439453125
14996,132.0874786376953
14997,126.49593353271484
14998,108.2248306274414
14999,117.3350601196289
15000,127.03453826904297
15001,133.75453186035156
15002,142.62437438964844
15003,131.7063751220703
15004,126.24627685546875
15005,148.3976287841797
15006,145.8902587890625
15007,130.77589416503906
15008,134.0731658935547
15009,149.36473083496094
15010,127.39563751220703
15011,111.3138656616211
15012,123.2945327758789
15013,110.69786834716797
15014,105.79812622070312
15015,117.5652084350586
15016,97.55218505859375
15017,109.89739227294922
15018,103.03353118896484
15019,108.27106475830078
15020,99.95269012451172
15021,113.46124267578125
15022,95.6366958618164
15023,83.5229721069336
15024,99.94915771484375
15025,89.8577651977539
15026,91.598388671875
15027,108.70513916015625
15028,148.86053466796875
15029,244.1381072998047
15030,434.6757507324219
15031,415.1417541503906
15032,428.4034423828125
15033,416.2481994628906
15034,427.5240478515625
15035,417.4225158691406
15036,424.8936462402344
15037,456.7981872558594
15038,455.9764404296875
15039,450.0768737792969
15040,447.6139221191406
15041,464.934814453125
15042,473.32958984375
15043,492.8489990234375
15044,515.3609008789062
15045,514.7645874023438
15046,531.2269897460938
15047,549.4353637695312
15048,507.1518859863281
15049,461.6922302246094
15050,438.8265075683594
15051,458.3042297363281
15052,476.1342468261719
15053,435.1904602050781
15054,415.607666015625
15055,411.4671630859375
15056,395.4178771972656
15057,430.1449279785156
15058,505.9052734375
15059,498.8961181640625
15060,440.2272644042969
15061,445.4739990234375
15062,482.6283264160156
15063,467.293212890625
15064,466.748291015625
15065,476.290283203125
15066,496.211181640625
15067,487.5415344238281
15068,481.1606750488281
15069,480.6219177246094
15070,484.5015563964844
15071,498.5010986328125
15072,490.992919921875
15073,504.1379089355469
15074,532.0872192382812
15075,480.2174377441406
15076,402.8172302246094
15077,350.9853515625
15078,520.4970092773438
15079,646.0471801757812
15080,664.8160400390625
15081,624.2529907226562
15082,592.3389892578125
15083,894.1583862304688
15084,1744.5693359375
15085,1975.3275146484375
15086,2019.837890625
15087,2062.457763671875
15088,2136.564453125
15089,2117.4453125
15090,2183.570556640625
15091,2241.672607421875
15092,2242.934814453125
15093,2255.179443359375
15094,2267.4384765625
15095,2413.331787109375
15096,2574.277587890625
15097,2686.022216796875
15098,2663.003173828125
15099,2674.261962890625
15100,2714.188232421875
15101,2837.615234375
15102,2708.16064453125
15103,2693.84814453125
15104,2577.886474609375
15105,2439.283447265625
15106,2324.642822265625
15107,2639.5986328125
15108,2736.181396484375
15109,2749.140625
15110,2538.7900390625
15111,2948.587890625
15112,3124.952392578125
15113,3089.419189453125
15114,3289.698486328125
15115,3111.80859375
15116,3122.305908203125
15117,3123.760498046875
15118,3073.942626953125
15119,3364.8955078125
15120,3292.539794921875
15121,3184.551513671875
15122,3003.921142578125
15123,3063.747314453125
15124,3079.346923828125
15125,3045.8857421875
15126,2545.656005859375
15127,2470.050048828125
15128,2464.658447265625
15129,2472.911865234375
15130,2471.260986328125
15131,1547.5628662109375
15132,1348.8704833984375
15133,1372.6358642578125
15134,1316.8341064453125
15135,1319.0030517578125
15136,1495.3853759765625
15137,1473.7783203125
15138,1413.0006103515625
15139,1392.6517333984375
15140,1351.8897705078125
15141,1287.2974853515625
15142,1350.2908935546875
15143,1231.1827392578125
15144,1518.0556640625
15145,1251.8094482421875
15146,1151.56396484375
15147,1278.5797119140625
15148,1201.30322265625
15149,1247.4730224609375
15150,1343.8948974609375
15151,1497.1475830078125
15152,1630.90771484375
15153,1593.5811767578125
15154,1020.74462890625
15155,842.8433227539062
15156,834.2891235351562
15157,861.1959838867188
15158,858.159423828125
15159,997.1734008789062
15160,1117.9569091796875
15161,1162.9512939453125
15162,976.366455078125
15163,1087.9696044921875
15164,885.3629760742188
15165,802.5841674804688
15166,950.7802734375
15167,1271.64306640625
15168,1027.1895751953125
15169,789.45849609375
15170,833.3052368164062
15171,689.7392578125
15172,980.2081909179688
15173,908.1315307617188
15174,890.0390625
15175,834.02978515625
15176,879.5537719726562
15177,664.8583984375
15178,596.3396606445312
15179,527.1143188476562
15180,621.2430419921875
15181,742.1103515625
15182,711.0579223632812
15183,901.9995727539062
15184,1064.1844482421875
15185,737.5071411132812
15186,710.1095581054688
15187,585.0641479492188
15188,602.6343383789062
15189,558.511962890625
15190,580.5372314453125
15191,642.8470458984375
15192,624.666259765625
15193,506.11962890625
15194,499.4023742675781
15195,469.236328125
15196,470.443359375
15197,482.6686706542969
15198,499.9231872558594
15199,440.5638427734375
